"pair_id","dataset_id","geometry_family","repetition","chart_dim_rule","response_seed_match","fold_seed_match","full_status","screened_status","pair_status","pair_complete","pair_exclusion_reason","truth_rmse_full","truth_rmse_screened","delta_truth_rmse","cv_rmse_full","cv_rmse_screened","delta_cv_rmse","elapsed_full","elapsed_screened","elapsed_ratio_screened_full","support_full","support_screened","lambda_full","lambda_screened","full_candidate_key","screened_candidate_key","screened_evaluated_candidate_keys","screened_evaluated_supports","full_support_in_screened_evaluated_supports","full_candidate_key_in_screened_evaluated_candidates","support_match","lambda_match","full_candidates_evaluated","screened_candidates_evaluated","candidate_key_matching_available"
"LA_D1_RAW_N500__r01__auto","LA-D1-RAW-N500","VALENCIA depth-1 dCST",1,"auto",TRUE,TRUE,"ok","ok","complete_ok",TRUE,NA,0.0249649866413627,0.0249649866413627,0,0.107529178361741,0.107529178361741,0,47.01,12.46,0.265049989363965,25,25,10,10,"25|2|tricube","25|2|tricube","15|2|tricube;16|2|tricube;25|2|tricube;35|2|tricube","15;16;25;35",TRUE,TRUE,TRUE,TRUE,21,4,TRUE
"LA_D1_RAW_N500__r01__local_auto","LA-D1-RAW-N500","VALENCIA depth-1 dCST",1,"local.auto",TRUE,TRUE,"ok","ok","complete_ok",TRUE,NA,0.0263493414919111,0.0264017089568749,5.23674649638498e-05,0.102193951924877,0.102220886874911,2.69349500344601e-05,57.513,21.648,0.376401856971467,27,25,90,90,"27|2|tricube","25|2|tricube","15|2|tricube;16|2|tricube;25|2|tricube;35|2|tricube","15;16;25;35",FALSE,FALSE,FALSE,TRUE,21,4,TRUE
"LA_D1_RAW_N500__r02__auto","LA-D1-RAW-N500","VALENCIA depth-1 dCST",2,"auto",TRUE,TRUE,"ok","ok","complete_ok",TRUE,NA,0.0319739342724474,0.0302533133056856,-0.0017206209667618,0.10864306947968,0.108875691603796,0.00023262212411615,47.801,13.593,0.284366435848622,22,25,90,30,"22|2|tricube","25|2|tricube","15|2|tricube;16|2|tricube;25|2|tricube;35|2|tricube","15;16;25;35",FALSE,FALSE,FALSE,FALSE,21,4,TRUE
"LA_D1_RAW_N500__r02__local_auto","LA-D1-RAW-N500","VALENCIA depth-1 dCST",2,"local.auto",TRUE,TRUE,"ok","ok","complete_ok",TRUE,NA,0.0219341312247654,0.0219341312247654,0,0.107713359570278,0.107713359570278,0,57.876,22.153,0.382766604464718,25,25,90,90,"25|2|tricube","25|2|tricube","15|2|tricube;16|2|tricube;25|2|tricube;35|2|tricube","15;16;25;35",TRUE,TRUE,TRUE,TRUE,21,4,TRUE
"LA_D1_RAW_N500__r03__auto","LA-D1-RAW-N500","VALENCIA depth-1 dCST",3,"auto",TRUE,TRUE,"ok","ok","complete_ok",TRUE,NA,0.0259512838048969,0.0275216653417792,0.00157038153688229,0.104194605540325,0.104452483577406,0.00025787803708141,45.782,13.718,0.299637412083352,27,25,10,10,"27|2|tricube","25|2|tricube","15|2|tricube;16|2|tricube;25|2|tricube;35|2|tricube","15;16;25;35",FALSE,FALSE,FALSE,TRUE,21,4,TRUE
"LA_D1_RAW_N500__r03__local_auto","LA-D1-RAW-N500","VALENCIA depth-1 dCST",3,"local.auto",TRUE,TRUE,"ok","ok","complete_ok",TRUE,NA,0.028730341863166,0.0263635730293026,-0.00236676883386338,0.105297490499399,0.105328847898983,3.13573995839589e-05,57.783,22.276,0.385511309554713,26,25,10,30,"26|2|tricube","25|2|tricube","15|2|tricube;16|2|tricube;25|2|tricube;35|2|tricube","15;16;25;35",FALSE,FALSE,FALSE,FALSE,21,4,TRUE
"LA_D1_HC_Li_N500__r01__auto","LA-D1-HC-Li-N500","VALENCIA depth-1 hypercube",1,"auto",TRUE,TRUE,"ok","ok","complete_ok",TRUE,NA,0.0493905114186157,0.0481434416863504,-0.00124706973226529,0.121559609370618,0.121917943876804,0.000358334506186608,29.339,9.558,0.325777974709431,17,16,10,10,"17|2|tricube","16|2|tricube","15|2|tricube;16|2|tricube;25|2|tricube;35|2|tricube","15;16;25;35",FALSE,FALSE,FALSE,TRUE,21,4,TRUE
"LA_D1_HC_Li_N500__r01__local_auto","LA-D1-HC-Li-N500","VALENCIA depth-1 hypercube",1,"local.auto",TRUE,TRUE,"ok","ok","complete_ok",TRUE,NA,0.0374458458165864,0.035597616145716,-0.00184822967087037,0.112236342968825,0.113278038722846,0.00104169575402169,42.186,18.304,0.433888019722183,30,25,1,1,"30|2|tricube","25|2|tricube","15|2|tricube;16|2|tricube;25|2|tricube;35|2|tricube","15;16;25;35",FALSE,FALSE,FALSE,TRUE,21,4,TRUE
"LA_D1_HC_Li_N500__r02__auto","LA-D1-HC-Li-N500","VALENCIA depth-1 hypercube",2,"auto",TRUE,TRUE,"ok","ok","complete_ok",TRUE,NA,0.037009998213383,0.0703252173068512,0.0333152190934682,0.125654803632867,0.131970230580718,0.00631542694785098,29.302,9.477,0.323425022182786,21,25,1,10,"21|2|tricube","25|2|tricube","15|2|tricube;16|2|tricube;25|2|tricube;35|2|tricube","15;16;25;35",FALSE,FALSE,FALSE,FALSE,21,4,TRUE
"LA_D1_HC_Li_N500__r02__local_auto","LA-D1-HC-Li-N500","VALENCIA depth-1 hypercube",2,"local.auto",TRUE,TRUE,"ok","ok","complete_ok",TRUE,NA,0.0352312795687972,0.0385527320686567,0.0033214524998595,0.120103463582031,0.121525179506888,0.00142171592485624,41.205,18.102,0.439315617036767,30,35,0.1,0.1,"30|2|tricube","35|2|tricube","15|2|tricube;16|2|tricube;25|2|tricube;35|2|tricube","15;16;25;35",FALSE,FALSE,FALSE,TRUE,21,4,TRUE
"LA_D1_HC_Li_N500__r03__auto","LA-D1-HC-Li-N500","VALENCIA depth-1 hypercube",3,"auto",TRUE,TRUE,"ok","ok","complete_ok",TRUE,NA,0.031043095898246,0.0325525030952921,0.00150940719704614,0.102882890363652,0.104955567098579,0.00207267673492695,28.407,9.33,0.328440173196747,17,25,0.1,0.1,"17|2|tricube","25|2|tricube","15|2|tricube;16|2|tricube;25|2|tricube;35|2|tricube","15;16;25;35",FALSE,FALSE,FALSE,TRUE,21,4,TRUE
"LA_D1_HC_Li_N500__r03__local_auto","LA-D1-HC-Li-N500","VALENCIA depth-1 hypercube",3,"local.auto",TRUE,TRUE,"ok","ok","complete_ok",TRUE,NA,0.0394335913425901,0.0398817090867336,0.000448117744143439,0.107854031998239,0.107887166315222,3.31343169829995e-05,42.347,18.705,0.44170779512126,34,35,1,1,"34|2|tricube","35|2|tricube","15|2|tricube;16|2|tricube;25|2|tricube;35|2|tricube","15;16;25;35",FALSE,FALSE,FALSE,TRUE,21,4,TRUE
"LA_D1_HC_Lc_N500__r01__auto","LA-D1-HC-Lc-N500","VALENCIA depth-1 hypercube",1,"auto",TRUE,TRUE,"ok","ok","complete_ok",TRUE,NA,0.0295306168499598,0.0295014972302851,-2.91196196746703e-05,0.0960026114534643,0.0966436866161265,0.000641075162662208,40.621,11.483,0.282686295265995,29,35,1,1,"29|2|tricube","35|2|tricube","15|2|tricube;16|2|tricube;25|2|tricube;35|2|tricube","15;16;25;35",FALSE,FALSE,FALSE,TRUE,21,4,TRUE
"LA_D1_HC_Lc_N500__r01__local_auto","LA-D1-HC-Lc-N500","VALENCIA depth-1 hypercube",1,"local.auto",TRUE,TRUE,"ok","ok","complete_ok",TRUE,NA,0.0217622412341594,0.0208020580206618,-0.00096018321349765,0.103580787100401,0.104313102101334,0.000732315000932959,55.888,20.276,0.362797022616662,22,16,30,90,"22|2|tricube","16|2|tricube","15|2|tricube;16|2|tricube;25|2|tricube;35|2|tricube","15;16;25;35",FALSE,FALSE,FALSE,FALSE,21,4,TRUE
"LA_D1_HC_Lc_N500__r02__auto","LA-D1-HC-Lc-N500","VALENCIA depth-1 hypercube",2,"auto",TRUE,TRUE,"ok","ok","complete_ok",TRUE,NA,0.0296603444378159,0.0296603444378159,0,0.101673516472855,0.101673516472855,0,40.739,11.336,0.278259161982376,35,35,1,1,"35|2|tricube","35|2|tricube","15|2|tricube;16|2|tricube;25|2|tricube;35|2|tricube","15;16;25;35",TRUE,TRUE,TRUE,TRUE,21,4,TRUE
"LA_D1_HC_Lc_N500__r02__local_auto","LA-D1-HC-Lc-N500","VALENCIA depth-1 hypercube",2,"local.auto",TRUE,TRUE,"ok","ok","complete_ok",TRUE,NA,0.0266348357942847,0.0268535601839158,0.000218724389631102,0.106597653836529,0.10672502235804,0.000127368521511503,56.61,20.722,0.366048401342519,33,35,10,10,"33|2|tricube","35|2|tricube","15|2|tricube;16|2|tricube;25|2|tricube;35|2|tricube","15;16;25;35",FALSE,FALSE,FALSE,TRUE,21,4,TRUE
"LA_D1_HC_Lc_N500__r03__auto","LA-D1-HC-Lc-N500","VALENCIA depth-1 hypercube",3,"auto",TRUE,TRUE,"ok","ok","complete_ok",TRUE,NA,0.0273377312027115,0.0297535116347079,0.00241578043199638,0.106661524564253,0.107571528928533,0.000910004364280029,41.458,11.654,0.281103767668484,29,25,1,1,"29|2|tricube","25|2|tricube","15|2|tricube;16|2|tricube;25|2|tricube;35|2|tricube","15;16;25;35",FALSE,FALSE,FALSE,TRUE,21,4,TRUE
"LA_D1_HC_Lc_N500__r03__local_auto","LA-D1-HC-Lc-N500","VALENCIA depth-1 hypercube",3,"local.auto",TRUE,TRUE,"ok","ok","complete_ok",TRUE,NA,0.0235030100701656,0.0216409362408439,-0.00186207382932164,0.104514921507635,0.105036059797254,0.000521138289619555,56.579,20.98,0.370808957387016,21,16,30,90,"21|2|tricube","16|2|tricube","15|2|tricube;16|2|tricube;25|2|tricube;35|2|tricube","15;16;25;35",FALSE,FALSE,FALSE,FALSE,21,4,TRUE
"LA_D1_HC_Gv_N500__r01__auto","LA-D1-HC-Gv-N500","VALENCIA depth-1 hypercube",1,"auto",TRUE,TRUE,"ok","ok","complete_ok",TRUE,NA,0.0298876419545635,0.0288499771792197,-0.00103766477534376,0.104235469069591,0.104585881928664,0.000350412859073168,36.206,9.937,0.274457272275314,27,15,1,10,"27|2|tricube","15|2|tricube","15|2|tricube;16|2|tricube;25|2|tricube;35|2|tricube","15;16;25;35",FALSE,FALSE,FALSE,FALSE,21,4,TRUE
"LA_D1_HC_Gv_N500__r01__local_auto","LA-D1-HC-Gv-N500","VALENCIA depth-1 hypercube",1,"local.auto",TRUE,TRUE,"ok","ok","complete_ok",TRUE,NA,0.0278735907660737,0.0275602508741762,-0.000313339891897524,0.10096314703375,0.101005779497771,4.26324640213915e-05,42.093,19.438,0.461786995462429,23,25,1,1,"23|2|tricube","25|2|tricube","15|2|tricube;16|2|tricube;25|2|tricube;35|2|tricube","15;16;25;35",FALSE,FALSE,FALSE,TRUE,21,4,TRUE
"LA_D1_HC_Gv_N500__r02__auto","LA-D1-HC-Gv-N500","VALENCIA depth-1 hypercube",2,"auto",TRUE,TRUE,"ok","ok","complete_ok",TRUE,NA,0.0301344972160636,0.0301344972160636,0,0.109231474899357,0.109231474899357,0,35.534,11.032,0.31046321832611,15,15,10,10,"15|2|tricube","15|2|tricube","15|2|tricube;16|2|tricube;25|2|tricube;35|2|tricube","15;16;25;35",TRUE,TRUE,TRUE,TRUE,21,4,TRUE
"LA_D1_HC_Gv_N500__r02__local_auto","LA-D1-HC-Gv-N500","VALENCIA depth-1 hypercube",2,"local.auto",TRUE,TRUE,"ok","ok","complete_ok",TRUE,NA,0.0325859642640405,0.0318605283149483,-0.000725435949092135,0.106864635480425,0.107081453066711,0.000216817586285473,42.748,19.091,0.446593992701413,23,25,1,1,"23|2|tricube","25|2|tricube","15|2|tricube;16|2|tricube;25|2|tricube;35|2|tricube","15;16;25;35",FALSE,FALSE,FALSE,TRUE,21,4,TRUE
"LA_D1_HC_Gv_N500__r03__auto","LA-D1-HC-Gv-N500","VALENCIA depth-1 hypercube",3,"auto",TRUE,TRUE,"ok","ok","complete_ok",TRUE,NA,0.0271784063031673,0.0258268926426573,-0.00135151366050997,0.102432823059615,0.103296043256607,0.000863220196991435,33.516,10.462,0.312149421171978,28,15,1,10,"28|2|tricube","15|2|tricube","15|2|tricube;16|2|tricube;25|2|tricube;35|2|tricube","15;16;25;35",FALSE,FALSE,FALSE,FALSE,21,4,TRUE
"LA_D1_HC_Gv_N500__r03__local_auto","LA-D1-HC-Gv-N500","VALENCIA depth-1 hypercube",3,"local.auto",TRUE,TRUE,"ok","ok","complete_ok",TRUE,NA,0.0296311162090122,0.0287215015804965,-0.000909614628515677,0.105797019445103,0.105959724972398,0.000162705527295054,42.082,18.005,0.427855139964831,19,25,1,1,"19|2|tricube","25|2|tricube","15|2|tricube;16|2|tricube;25|2|tricube;35|2|tricube","15;16;25;35",FALSE,FALSE,FALSE,TRUE,21,4,TRUE
"LA_D1_HC_Bv_N500__r01__auto","LA-D1-HC-Bv-N500","VALENCIA depth-1 hypercube",1,"auto",TRUE,TRUE,"ok","ok","complete_ok",TRUE,NA,0.0260184351346774,0.0260184351346774,0,0.0990030336517653,0.0990030336517653,0,49.51,12.841,0.259361745102,25,25,90,90,"25|2|tricube","25|2|tricube","15|2|tricube;16|2|tricube;25|2|tricube;35|2|tricube","15;16;25;35",TRUE,TRUE,TRUE,TRUE,21,4,TRUE
"LA_D1_HC_Bv_N500__r01__local_auto","LA-D1-HC-Bv-N500","VALENCIA depth-1 hypercube",1,"local.auto",TRUE,TRUE,"ok","ok","complete_ok",TRUE,NA,0.0293012242079024,0.0293012242079024,0,0.108316588864965,0.108316588864965,0,52.203,20.809,0.398616937723886,25,25,90,90,"25|2|tricube","25|2|tricube","15|2|tricube;16|2|tricube;25|2|tricube;35|2|tricube","15;16;25;35",TRUE,TRUE,TRUE,TRUE,21,4,TRUE
"LA_D1_HC_Bv_N500__r02__auto","LA-D1-HC-Bv-N500","VALENCIA depth-1 hypercube",2,"auto",TRUE,TRUE,"ok","ok","complete_ok",TRUE,NA,0.0267260877892234,0.0270195888562817,0.000293501067058281,0.101618083916023,0.101715593977052,9.75100610288021e-05,51.451,13.229,0.257118423354259,17,16,90,90,"17|2|tricube","16|2|tricube","15|2|tricube;16|2|tricube;25|2|tricube;35|2|tricube","15;16;25;35",FALSE,FALSE,FALSE,TRUE,21,4,TRUE
"LA_D1_HC_Bv_N500__r02__local_auto","LA-D1-HC-Bv-N500","VALENCIA depth-1 hypercube",2,"local.auto",TRUE,TRUE,"ok","ok","complete_ok",TRUE,NA,0.022896631571349,0.022896631571349,0,0.106321848304981,0.106321848304981,0,53.341,21.413,0.401436043568737,15,15,90,90,"15|2|tricube","15|2|tricube","15|2|tricube;16|2|tricube;25|2|tricube;35|2|tricube","15;16;25;35",TRUE,TRUE,TRUE,TRUE,21,4,TRUE
"LA_D1_HC_Bv_N500__r03__auto","LA-D1-HC-Bv-N500","VALENCIA depth-1 hypercube",3,"auto",TRUE,TRUE,"ok","ok","complete_ok",TRUE,NA,0.0245190654913763,0.024670039727266,0.000150974235889664,0.100331919939294,0.100502476690848,0.000170556751553336,52.153,14.203,0.272333326941883,20,25,30,10,"20|2|tricube","25|2|tricube","15|2|tricube;16|2|tricube;25|2|tricube;35|2|tricube","15;16;25;35",FALSE,FALSE,FALSE,FALSE,21,4,TRUE
"LA_D1_HC_Bv_N500__r03__local_auto","LA-D1-HC-Bv-N500","VALENCIA depth-1 hypercube",3,"local.auto",TRUE,TRUE,"ok","ok","complete_ok",TRUE,NA,0.0278726247965118,0.0263263616542029,-0.00154626314230889,0.106970326469949,0.107673514156851,0.00070318768690146,53.764,20.068,0.373260918086452,19,35,30,10,"19|2|tricube","35|2|tricube","15|2|tricube;16|2|tricube;25|2|tricube;35|2|tricube","15;16;25;35",FALSE,FALSE,FALSE,FALSE,21,4,TRUE
"LA_D2_RAW_N500__r01__auto","LA-D2-RAW-N500","VALENCIA depth2 dCST",1,"auto",TRUE,TRUE,"ok","ok","complete_ok",TRUE,NA,0.0296477000811343,0.0296477000811343,0,0.116641402277607,0.116641402277607,0,343.665,148.754,0.432845940087003,31,31,30,30,"31|2|tricube","31|2|tricube","15|2|tricube;25|2|tricube;27|2|tricube;28|2|tricube;29|2|tricube;30|2|tricube;31|2|tricube;35|2|tricube","15;25;27;28;29;30;31;35",TRUE,TRUE,TRUE,TRUE,21,8,TRUE
"LA_D2_RAW_N500__r01__local_auto","LA-D2-RAW-N500","VALENCIA depth2 dCST",1,"local.auto",TRUE,TRUE,"ok","ok","complete_ok",TRUE,NA,0.0760805199031996,0.076594068373161,0.000513548469961392,0.188426463845171,0.20308149902506,0.014655035179889,306.639,76.011,0.247884319998435,26,25,0.001,0.001,"26|2|tricube","25|2|tricube","15|2|tricube;16|2|tricube;25|2|tricube;35|2|tricube","15;16;25;35",FALSE,FALSE,FALSE,TRUE,21,4,TRUE
"LA_D2_RAW_N500__r02__auto","LA-D2-RAW-N500","VALENCIA depth2 dCST",2,"auto",TRUE,TRUE,"ok","ok","complete_ok",TRUE,NA,0.0370734513814488,0.0370734513814488,0,0.105564354842699,0.105564354842699,0,364.204,161.989,0.444775455513943,30,30,30,30,"30|2|tricube","30|2|tricube","15|2|tricube;25|2|tricube;29|2|tricube;30|2|tricube;31|2|tricube;34|2|tricube;35|2|tricube","15;25;29;30;31;34;35",TRUE,TRUE,TRUE,TRUE,21,7,TRUE
"LA_D2_RAW_N500__r02__local_auto","LA-D2-RAW-N500","VALENCIA depth2 dCST",2,"local.auto",TRUE,TRUE,"ok","ok","complete_ok",TRUE,NA,0.0738542623355158,0.0761663421759001,0.00231207984038428,0.148028967737152,0.151622903012574,0.00359393527542246,344.178,77.716,0.225801765365596,30,25,0.000333333333333333,0.000333333333333333,"30|2|tricube","25|2|tricube","15|2|tricube;16|2|tricube;25|2|tricube;35|2|tricube","15;16;25;35",FALSE,FALSE,FALSE,TRUE,21,4,TRUE
"LA_D2_RAW_N500__r03__auto","LA-D2-RAW-N500","VALENCIA depth2 dCST",3,"auto",TRUE,TRUE,"ok","ok","complete_ok",TRUE,NA,0.0360859226429217,0.0364247113344517,0.00033878869153,0.112046350094426,0.112130984437088,8.4634342662343e-05,364.485,134.697,0.369554302646199,34,35,30,30,"34|2|tricube","35|2|tricube","15|2|tricube;25|2|tricube;29|2|tricube;30|2|tricube;31|2|tricube;35|2|tricube","15;25;29;30;31;35",FALSE,FALSE,FALSE,TRUE,21,6,TRUE
"LA_D2_RAW_N500__r03__local_auto","LA-D2-RAW-N500","VALENCIA depth2 dCST",3,"local.auto",TRUE,TRUE,"ok","ok","complete_ok",TRUE,NA,0.071429144475556,0.0692910198123551,-0.00213812466320086,0.161179756584753,0.168363955369618,0.00718419878486445,342.207,79.034,0.230953779437592,30,35,0.000333333333333333,0.000333333333333333,"30|2|tricube","35|2|tricube","15|2|tricube;16|2|tricube;25|2|tricube;35|2|tricube","15;16;25;35",FALSE,FALSE,FALSE,TRUE,21,4,TRUE
"LA_D2_HC_TOP1_N500__r01__auto","LA-D2-HC-TOP1-N500","VALENCIA depth-2 hypercube",1,"auto",TRUE,TRUE,"ok","ok","complete_ok",TRUE,NA,0.0693157008481738,0.12471563522568,0.0553999343775059,0.164169163111334,0.189430897446123,0.0252617343347895,172.416,41.214,0.239038140311804,32,35,1,10,"32|2|tricube","35|2|tricube","15|2|tricube;16|2|tricube;25|2|tricube;35|2|tricube","15;16;25;35",FALSE,FALSE,FALSE,FALSE,21,4,TRUE
"LA_D2_HC_TOP1_N500__r01__local_auto","LA-D2-HC-TOP1-N500","VALENCIA depth-2 hypercube",1,"local.auto",TRUE,TRUE,"ok","ok","complete_ok",TRUE,NA,0.0651581885904326,0.0669639410979774,0.00180575250754476,0.13189750520833,0.136041178688611,0.00414367348028041,237.771,64.234,0.270150691211292,22,25,1,1,"22|2|tricube","25|2|tricube","15|2|tricube;16|2|tricube;25|2|tricube;35|2|tricube","15;16;25;35",FALSE,FALSE,FALSE,TRUE,21,4,TRUE
"LA_D2_HC_TOP1_N500__r02__auto","LA-D2-HC-TOP1-N500","VALENCIA depth-2 hypercube",2,"auto",TRUE,TRUE,"ok","ok","complete_ok",TRUE,NA,0.11903230360362,0.118901041919027,-0.000131261684593015,0.17523936601357,0.175527044857663,0.000287678844092226,185.171,43.737,0.236197892758585,34,35,10,10,"34|2|tricube","35|2|tricube","15|2|tricube;16|2|tricube;25|2|tricube;35|2|tricube","15;16;25;35",FALSE,FALSE,FALSE,TRUE,21,4,TRUE
"LA_D2_HC_TOP1_N500__r02__local_auto","LA-D2-HC-TOP1-N500","VALENCIA depth-2 hypercube",2,"local.auto",TRUE,TRUE,"ok","ok","complete_ok",TRUE,NA,0.051877803638032,0.051877803638032,0,0.126228895695025,0.126228895695025,0,211.071,60.618,0.28719246130449,35,35,0.1,0.1,"35|2|tricube","35|2|tricube","15|2|tricube;16|2|tricube;25|2|tricube;35|2|tricube","15;16;25;35",TRUE,TRUE,TRUE,TRUE,21,4,TRUE
"LA_D2_HC_TOP1_N500__r03__auto","LA-D2-HC-TOP1-N500","VALENCIA depth-2 hypercube",3,"auto",TRUE,TRUE,"ok","ok","complete_ok",TRUE,NA,0.065234158622449,0.065234158622449,0,0.158783790222653,0.158783790222653,0,169.804,39.859,0.23473534192363,35,35,1,1,"35|2|tricube","35|2|tricube","15|2|tricube;16|2|tricube;25|2|tricube;35|2|tricube","15;16;25;35",TRUE,TRUE,TRUE,TRUE,21,4,TRUE
"LA_D2_HC_TOP1_N500__r03__local_auto","LA-D2-HC-TOP1-N500","VALENCIA depth-2 hypercube",3,"local.auto",TRUE,TRUE,"ok","ok","complete_ok",TRUE,NA,0.0657681748148861,0.065547136209943,-0.000221038604943088,0.133169654460404,0.133769350120012,0.000599695659607574,211.398,60.932,0.288233568907937,27,25,1,1,"27|2|tricube","25|2|tricube","15|2|tricube;16|2|tricube;25|2|tricube;35|2|tricube","15;16;25;35",FALSE,FALSE,FALSE,TRUE,21,4,TRUE
"LA_D3_RAW_N500__r01__auto","LA-D3-RAW-N500","VALENCIA depth3 dCST",1,"auto",TRUE,TRUE,"ok","ok","complete_ok",TRUE,NA,0.0300368756671572,0.0423298572067562,0.012292981539599,0.136992459048394,0.150694294531831,0.0137018354834363,236.726,69.127,0.292012706673538,17,15,90,1,"17|2|tricube","15|2|tricube","15|2|tricube;25|2|tricube;33|2|tricube;34|2|tricube;35|2|tricube","15;25;33;34;35",FALSE,FALSE,FALSE,FALSE,21,5,TRUE
"LA_D3_RAW_N500__r01__local_auto","LA-D3-RAW-N500","VALENCIA depth3 dCST",1,"local.auto",TRUE,TRUE,"ok","ok","complete_ok",TRUE,NA,0.0645360702826505,0.0689447561104259,0.00440868582777548,0.155421588682302,0.212155457700678,0.0567338690183766,292.16,76.838,0.262999726177437,23,25,0.01,0.000111111111111111,"23|2|tricube","25|2|tricube","15|2|tricube;16|2|tricube;25|2|tricube;35|2|tricube","15;16;25;35",FALSE,FALSE,FALSE,FALSE,21,4,TRUE
"LA_D3_RAW_N500__r02__auto","LA-D3-RAW-N500","VALENCIA depth3 dCST",2,"auto",TRUE,TRUE,"ok","ok","complete_ok",TRUE,NA,0.0298659946617575,0.0590557479678164,0.0291897533060589,0.125486332030294,0.146291795452442,0.0208054634221485,227.741,65.256,0.286536021181957,16,35,10,0.01,"16|2|tricube","35|2|tricube","15|2|tricube;25|2|tricube;33|2|tricube;34|2|tricube;35|2|tricube","15;25;33;34;35",FALSE,FALSE,FALSE,FALSE,21,5,TRUE
"LA_D3_RAW_N500__r02__local_auto","LA-D3-RAW-N500","VALENCIA depth3 dCST",2,"local.auto",TRUE,TRUE,"ok","ok","complete_ok",TRUE,NA,0.0644100463792675,0.0644100463792675,0,0.159687292242078,0.159687292242078,0,314.736,76.557,0.243241955162422,25,25,0.001,0.001,"25|2|tricube","25|2|tricube","15|2|tricube;16|2|tricube;25|2|tricube;35|2|tricube","15;16;25;35",TRUE,TRUE,TRUE,TRUE,21,4,TRUE
"LA_D3_RAW_N500__r03__auto","LA-D3-RAW-N500","VALENCIA depth3 dCST",3,"auto",TRUE,TRUE,"ok","ok","complete_ok",TRUE,NA,0.0300123747303203,0.0654436921768396,0.0354313174465193,0.146363069076321,0.167718990986295,0.0213559219099744,266.81,75.887,0.284423372437315,17,35,90,0.000333333333333333,"17|2|tricube","35|2|tricube","15|2|tricube;25|2|tricube;33|2|tricube;34|2|tricube;35|2|tricube","15;25;33;34;35",FALSE,FALSE,FALSE,FALSE,21,5,TRUE
"LA_D3_RAW_N500__r03__local_auto","LA-D3-RAW-N500","VALENCIA depth3 dCST",3,"local.auto",TRUE,TRUE,"ok","ok","complete_ok",TRUE,NA,0.0652249451932378,0.0652249451932378,0,0.154008120043232,0.154008120043232,0,311.199,73.43,0.23595834176845,16,16,30,30,"16|2|tricube","16|2|tricube","15|2|tricube;16|2|tricube;25|2|tricube;35|2|tricube","15;16;25;35",TRUE,TRUE,TRUE,TRUE,21,4,TRUE
"LA_13K_SUB_N500__r01__auto","LA-13K-SUB-N500","VALENCIA full phylotype matrix",1,"auto",TRUE,TRUE,"ok","ok","complete_ok",TRUE,NA,0.0331328177663649,0.0343443399434156,0.00121152217705064,0.108197588521079,0.109270708790283,0.001073120269204,664.025,482.573,0.726739204096231,35,33,90,90,"35|2|tricube","33|2|tricube","20|2|tricube;22|2|tricube;23|2|tricube;24|2|tricube;25|2|tricube;26|2|tricube;28|2|tricube;29|2|tricube;30|2|tricube;31|2|tricube;32|2|tricube;33|2|tricube","20;22;23;24;25;26;28;29;30;31;32;33",FALSE,FALSE,FALSE,TRUE,21,12,TRUE
"LA_13K_SUB_N500__r01__local_auto","LA-13K-SUB-N500","VALENCIA full phylotype matrix",1,"local.auto",TRUE,TRUE,"ok","ok","complete_ok",TRUE,NA,0.045348705019064,0.0442701257363487,-0.00107857928271536,0.109850889536115,0.111373324959488,0.00152243542337265,592.759,453.255,0.764653088354626,25,26,90,90,"25|2|tricube","26|2|tricube","21|2|tricube;22|2|tricube;23|2|tricube;26|2|tricube;27|2|tricube;28|2|tricube;29|2|tricube;30|2|tricube;32|2|tricube;33|2|tricube;34|2|tricube;35|2|tricube","21;22;23;26;27;28;29;30;32;33;34;35",FALSE,FALSE,FALSE,TRUE,21,12,TRUE
"LA_13K_SUB_N500__r02__auto","LA-13K-SUB-N500","VALENCIA full phylotype matrix",2,"auto",TRUE,TRUE,"ok","ok","complete_ok",TRUE,NA,0.0324936327756337,0.0321837065314245,-0.000309926244209238,0.106368820844855,0.106768793301672,0.000399972456816236,673.436,538.118,0.799063311138698,26,28,90,90,"26|2|tricube","28|2|tricube","21|2|tricube;22|2|tricube;23|2|tricube;25|2|tricube;28|2|tricube;29|2|tricube;30|2|tricube;31|2|tricube;32|2|tricube;33|2|tricube;34|2|tricube;35|2|tricube","21;22;23;25;28;29;30;31;32;33;34;35",FALSE,FALSE,FALSE,TRUE,21,12,TRUE
"LA_13K_SUB_N500__r02__local_auto","LA-13K-SUB-N500","VALENCIA full phylotype matrix",2,"local.auto",TRUE,TRUE,"ok","ok","complete_ok",TRUE,NA,0.0442672477633038,0.0442672477633038,0,0.108085796465211,0.108085796465211,0,609.664,410.752,0.673735040940584,26,26,90,90,"26|2|tricube","26|2|tricube","15|2|tricube;20|2|tricube;22|2|tricube;23|2|tricube;25|2|tricube;26|2|tricube;27|2|tricube;28|2|tricube;32|2|tricube;33|2|tricube;34|2|tricube;35|2|tricube","15;20;22;23;25;26;27;28;32;33;34;35",TRUE,TRUE,TRUE,TRUE,21,12,TRUE
"LA_13K_SUB_N500__r03__auto","LA-13K-SUB-N500","VALENCIA full phylotype matrix",3,"auto",TRUE,TRUE,"ok","ok","complete_ok",TRUE,NA,0.0344421263011717,0.0345962363050317,0.000154110003860029,0.109952467966552,0.110064588618546,0.000112120651993564,674.975,467.792,0.693050853735324,35,34,90,90,"35|2|tricube","34|2|tricube","15|2|tricube;16|2|tricube;20|2|tricube;21|2|tricube;22|2|tricube;28|2|tricube;29|2|tricube;30|2|tricube;31|2|tricube;32|2|tricube;33|2|tricube;34|2|tricube","15;16;20;21;22;28;29;30;31;32;33;34",FALSE,FALSE,FALSE,TRUE,21,12,TRUE
"LA_13K_SUB_N500__r03__local_auto","LA-13K-SUB-N500","VALENCIA full phylotype matrix",3,"local.auto",TRUE,TRUE,"ok","ok","complete_ok",TRUE,NA,0.0441045022898937,0.0477371213109388,0.00363261902104509,0.111172200280702,0.114944502358233,0.00377230207753057,571.085,392.732,0.687694476303878,16,28,90,90,"16|2|tricube","28|2|tricube","19|2|tricube;20|2|tricube;21|2|tricube;22|2|tricube;23|2|tricube;24|2|tricube;27|2|tricube;28|2|tricube;31|2|tricube;32|2|tricube;33|2|tricube;34|2|tricube","19;20;21;22;23;24;27;28;31;32;33;34",FALSE,FALSE,FALSE,TRUE,21,12,TRUE
"SYN_PARA_LINE_N500__r01__auto","SYN-PARA-LINE-N500","synthetic stratified surface/curve",1,"auto",TRUE,TRUE,"ok","ok","complete_ok",TRUE,NA,0.0277041650759832,0.0254731587176753,-0.00223100635830786,0.106459335385781,0.106700729523069,0.000241394137288159,50.478,30.336,0.6009746820397,18,25,90,30,"18|2|tricube","25|2|tricube","15|2|tricube;25|2|tricube;27|2|tricube;28|2|tricube;29|2|tricube;30|2|tricube;31|2|tricube;32|2|tricube;33|2|tricube;34|2|tricube;35|2|tricube","15;25;27;28;29;30;31;32;33;34;35",FALSE,FALSE,FALSE,FALSE,21,11,TRUE
"SYN_PARA_LINE_N500__r01__local_auto","SYN-PARA-LINE-N500","synthetic stratified surface/curve",1,"local.auto",TRUE,TRUE,"ok","ok","complete_ok",TRUE,NA,0.0241547293869535,0.0249629966362733,0.000808267249319861,0.104457055415654,0.104492802360048,3.57469443938024e-05,56.511,40.375,0.71446267098441,20,35,90,10,"20|2|tricube","35|2|tricube","15|2|tricube;25|2|tricube;27|2|tricube;28|2|tricube;29|2|tricube;30|2|tricube;31|2|tricube;32|2|tricube;33|2|tricube;34|2|tricube;35|2|tricube","15;25;27;28;29;30;31;32;33;34;35",FALSE,FALSE,FALSE,FALSE,21,11,TRUE
"SYN_PARA_LINE_N500__r02__auto","SYN-PARA-LINE-N500","synthetic stratified surface/curve",2,"auto",TRUE,TRUE,"ok","ok","complete_ok",TRUE,NA,0.0197390938401952,0.0189550603918639,-0.000784033448331289,0.107801433162673,0.107984841353677,0.00018340819100357,49.923,29.912,0.599162710574284,20,27,90,30,"20|2|tricube","27|2|tricube","15|2|tricube;25|2|tricube;27|2|tricube;28|2|tricube;29|2|tricube;30|2|tricube;31|2|tricube;32|2|tricube;33|2|tricube;34|2|tricube;35|2|tricube","15;25;27;28;29;30;31;32;33;34;35",FALSE,FALSE,FALSE,FALSE,21,11,TRUE
"SYN_PARA_LINE_N500__r02__local_auto","SYN-PARA-LINE-N500","synthetic stratified surface/curve",2,"local.auto",TRUE,TRUE,"ok","ok","complete_ok",TRUE,NA,0.0231348423411723,0.0229748991216087,-0.00015994321956362,0.101810063012824,0.101963354632514,0.000153291619690049,56.031,42.082,0.751048526708429,21,25,90,30,"21|2|tricube","25|2|tricube","15|2|tricube;24|2|tricube;25|2|tricube;26|2|tricube;28|2|tricube;29|2|tricube;30|2|tricube;31|2|tricube;32|2|tricube;33|2|tricube;34|2|tricube;35|2|tricube","15;24;25;26;28;29;30;31;32;33;34;35",FALSE,FALSE,FALSE,FALSE,21,12,TRUE
"SYN_PARA_LINE_N500__r03__auto","SYN-PARA-LINE-N500","synthetic stratified surface/curve",3,"auto",TRUE,TRUE,"ok","ok","complete_ok",TRUE,NA,0.026824737186242,0.026824737186242,0,0.100157308051674,0.100157308051674,0,48.811,30.021,0.615045788859069,35,35,10,10,"35|2|tricube","35|2|tricube","15|2|tricube;25|2|tricube;27|2|tricube;28|2|tricube;29|2|tricube;30|2|tricube;31|2|tricube;32|2|tricube;33|2|tricube;34|2|tricube;35|2|tricube","15;25;27;28;29;30;31;32;33;34;35",TRUE,TRUE,TRUE,TRUE,21,11,TRUE
"SYN_PARA_LINE_N500__r03__local_auto","SYN-PARA-LINE-N500","synthetic stratified surface/curve",3,"local.auto",TRUE,TRUE,"ok","ok","complete_ok",TRUE,NA,0.0268764842109136,0.026455533482876,-0.000420950728037592,0.0971123572556426,0.0971693545565897,5.6997300947173e-05,53.822,41.044,0.762587789379808,21,26,90,30,"21|2|tricube","26|2|tricube","15|2|tricube;25|2|tricube;26|2|tricube;27|2|tricube;28|2|tricube;29|2|tricube;30|2|tricube;31|2|tricube;32|2|tricube;33|2|tricube;34|2|tricube;35|2|tricube","15;25;26;27;28;29;30;31;32;33;34;35",FALSE,FALSE,FALSE,FALSE,21,12,TRUE
"SYN_SADDLE_LINE_N500__r01__auto","SYN-SADDLE-LINE-N500","synthetic stratified surface/curve",1,"auto",TRUE,TRUE,"ok","ok","complete_ok",TRUE,NA,0.0296158777797642,0.0296158777797642,0,0.106194576249224,0.106194576249224,0,49.349,29.621,0.600235060487548,30,30,30,30,"30|2|tricube","30|2|tricube","15|2|tricube;25|2|tricube;27|2|tricube;28|2|tricube;29|2|tricube;30|2|tricube;31|2|tricube;32|2|tricube;33|2|tricube;34|2|tricube;35|2|tricube","15;25;27;28;29;30;31;32;33;34;35",TRUE,TRUE,TRUE,TRUE,21,11,TRUE
"SYN_SADDLE_LINE_N500__r01__local_auto","SYN-SADDLE-LINE-N500","synthetic stratified surface/curve",1,"local.auto",TRUE,TRUE,"ok","ok","complete_ok",TRUE,NA,0.0263395762738787,0.0263395762738787,0,0.103865400260264,0.103865400260264,0,53.703,38.447,0.715919036180474,31,31,30,30,"31|2|tricube","31|2|tricube","15|2|tricube;25|2|tricube;27|2|tricube;28|2|tricube;29|2|tricube;30|2|tricube;31|2|tricube;32|2|tricube;33|2|tricube;34|2|tricube;35|2|tricube","15;25;27;28;29;30;31;32;33;34;35",TRUE,TRUE,TRUE,TRUE,21,11,TRUE
"SYN_SADDLE_LINE_N500__r02__auto","SYN-SADDLE-LINE-N500","synthetic stratified surface/curve",2,"auto",TRUE,TRUE,"ok","ok","complete_ok",TRUE,NA,0.0235298967198877,0.0235298967198877,0,0.101644003762557,0.101644003762557,0,49.05,29.302,0.597390417940877,32,32,30,30,"32|2|tricube","32|2|tricube","15|2|tricube;25|2|tricube;27|2|tricube;28|2|tricube;29|2|tricube;30|2|tricube;31|2|tricube;32|2|tricube;33|2|tricube;34|2|tricube;35|2|tricube","15;25;27;28;29;30;31;32;33;34;35",TRUE,TRUE,TRUE,TRUE,21,11,TRUE
"SYN_SADDLE_LINE_N500__r02__local_auto","SYN-SADDLE-LINE-N500","synthetic stratified surface/curve",2,"local.auto",TRUE,TRUE,"ok","ok","complete_ok",TRUE,NA,0.0267452052307326,0.0263255441340334,-0.000419661096699178,0.102272956575128,0.102371459868951,9.85032938229102e-05,54.007,38.762,0.71772177680671,18,25,90,30,"18|2|tricube","25|2|tricube","15|2|tricube;25|2|tricube;27|2|tricube;28|2|tricube;29|2|tricube;30|2|tricube;31|2|tricube;32|2|tricube;33|2|tricube;34|2|tricube;35|2|tricube","15;25;27;28;29;30;31;32;33;34;35",FALSE,FALSE,FALSE,FALSE,21,11,TRUE
"SYN_SADDLE_LINE_N500__r03__auto","SYN-SADDLE-LINE-N500","synthetic stratified surface/curve",3,"auto",TRUE,TRUE,"ok","ok","complete_ok",TRUE,NA,0.0311196860052915,0.0311196860052915,0,0.108669783572346,0.108669783572346,0,49.792,29.982,0.602144922879177,34,34,30,30,"34|2|tricube","34|2|tricube","15|2|tricube;25|2|tricube;27|2|tricube;28|2|tricube;29|2|tricube;30|2|tricube;31|2|tricube;32|2|tricube;33|2|tricube;34|2|tricube;35|2|tricube","15;25;27;28;29;30;31;32;33;34;35",TRUE,TRUE,TRUE,TRUE,21,11,TRUE
"SYN_SADDLE_LINE_N500__r03__local_auto","SYN-SADDLE-LINE-N500","synthetic stratified surface/curve",3,"local.auto",TRUE,TRUE,"ok","ok","complete_ok",TRUE,NA,0.0241128018141736,0.0241128018141736,0,0.106097468180495,0.106097468180495,0,54.804,39.579,0.722191810816729,31,31,30,30,"31|2|tricube","31|2|tricube","15|2|tricube;25|2|tricube;27|2|tricube;28|2|tricube;29|2|tricube;30|2|tricube;31|2|tricube;32|2|tricube;33|2|tricube;34|2|tricube;35|2|tricube","15;25;27;28;29;30;31;32;33;34;35",TRUE,TRUE,TRUE,TRUE,21,11,TRUE
"SYN_TWO_PLANES_N600__r01__auto","SYN-TWO-PLANES-N600","synthetic singular sheet union",1,"auto",TRUE,TRUE,"ok","ok","complete_ok",TRUE,NA,0.0250175618569592,0.0250175618569592,0,0.101170234692476,0.101170234692476,0,58.283,33.809,0.580083386236124,33,33,10,10,"33|2|tricube","33|2|tricube","15|2|tricube;25|2|tricube;27|2|tricube;28|2|tricube;29|2|tricube;30|2|tricube;31|2|tricube;32|2|tricube;33|2|tricube;34|2|tricube;35|2|tricube","15;25;27;28;29;30;31;32;33;34;35",TRUE,TRUE,TRUE,TRUE,21,11,TRUE
"SYN_TWO_PLANES_N600__r01__local_auto","SYN-TWO-PLANES-N600","synthetic singular sheet union",1,"local.auto",TRUE,TRUE,"ok","ok","complete_ok",TRUE,NA,0.0157562808681064,0.0157562808681064,0,0.0990174471505065,0.0990174471505065,0,81.671,54.913,0.672368404941779,27,27,30,30,"27|2|tricube","27|2|tricube","15|2|tricube;25|2|tricube;27|2|tricube;28|2|tricube;29|2|tricube;30|2|tricube;31|2|tricube;32|2|tricube;33|2|tricube;34|2|tricube;35|2|tricube","15;25;27;28;29;30;31;32;33;34;35",TRUE,TRUE,TRUE,TRUE,21,11,TRUE
"SYN_TWO_PLANES_N600__r02__auto","SYN-TWO-PLANES-N600","synthetic singular sheet union",2,"auto",TRUE,TRUE,"ok","ok","complete_ok",TRUE,NA,0.0227254734237284,0.0227254734237284,0,0.10513704488581,0.10513704488581,0,59.254,35.335,0.596331049380633,33,33,10,10,"33|2|tricube","33|2|tricube","15|2|tricube;25|2|tricube;27|2|tricube;28|2|tricube;29|2|tricube;30|2|tricube;31|2|tricube;32|2|tricube;33|2|tricube;34|2|tricube;35|2|tricube","15;25;27;28;29;30;31;32;33;34;35",TRUE,TRUE,TRUE,TRUE,21,11,TRUE
"SYN_TWO_PLANES_N600__r02__local_auto","SYN-TWO-PLANES-N600","synthetic singular sheet union",2,"local.auto",TRUE,TRUE,"ok","ok","complete_ok",TRUE,NA,0.0271130713242266,0.0271130713242266,0,0.105942126159981,0.105942126159981,0,79.434,56.245,0.70807211017952,28,28,90,90,"28|2|tricube","28|2|tricube","15|2|tricube;25|2|tricube;27|2|tricube;28|2|tricube;29|2|tricube;30|2|tricube;31|2|tricube;32|2|tricube;33|2|tricube;34|2|tricube;35|2|tricube","15;25;27;28;29;30;31;32;33;34;35",TRUE,TRUE,TRUE,TRUE,21,11,TRUE
"SYN_TWO_PLANES_N600__r03__auto","SYN-TWO-PLANES-N600","synthetic singular sheet union",3,"auto",TRUE,TRUE,"ok","ok","complete_ok",TRUE,NA,0.0269328311108341,0.0249382007567501,-0.00199463035408407,0.106580087820048,0.106704936463343,0.000124848643295677,57.903,34.475,0.595392294008946,18,31,30,10,"18|2|tricube","31|2|tricube","15|2|tricube;25|2|tricube;27|2|tricube;28|2|tricube;29|2|tricube;30|2|tricube;31|2|tricube;32|2|tricube;33|2|tricube;34|2|tricube;35|2|tricube","15;25;27;28;29;30;31;32;33;34;35",FALSE,FALSE,FALSE,FALSE,21,11,TRUE
"SYN_TWO_PLANES_N600__r03__local_auto","SYN-TWO-PLANES-N600","synthetic singular sheet union",3,"local.auto",TRUE,TRUE,"ok","ok","complete_ok",TRUE,NA,0.0241183849270346,0.0241183849270346,0,0.10115720237457,0.10115720237457,0,77.245,52.358,0.677817334455305,25,25,90,90,"25|2|tricube","25|2|tricube","15|2|tricube;25|2|tricube;27|2|tricube;28|2|tricube;29|2|tricube;30|2|tricube;31|2|tricube;32|2|tricube;33|2|tricube;34|2|tricube;35|2|tricube","15;25;27;28;29;30;31;32;33;34;35",TRUE,TRUE,TRUE,TRUE,21,11,TRUE
"SYN_SIMPLEX_FACES_N600__r01__auto","SYN-SIMPLEX-FACES-N600","synthetic compositional strata",1,"auto",TRUE,TRUE,"ok","ok","complete_ok",TRUE,NA,0.0214439842693739,0.0218821201250536,0.000438135855679686,0.101145901606735,0.101629062205634,0.000483160598899218,128.531,29.708,0.231134901307856,22,25,90,30,"22|2|tricube","25|2|tricube","15|2|tricube;16|2|tricube;25|2|tricube;35|2|tricube","15;16;25;35",FALSE,FALSE,FALSE,FALSE,21,4,TRUE
"SYN_SIMPLEX_FACES_N600__r01__local_auto","SYN-SIMPLEX-FACES-N600","synthetic compositional strata",1,"local.auto",TRUE,TRUE,"ok","ok","complete_ok",TRUE,NA,0.0221068182079917,0.0221068182079917,0,0.100862352540319,0.100862352540319,0,135.994,37.653,0.276872509081283,35,35,30,30,"35|2|tricube","35|2|tricube","15|2|tricube;16|2|tricube;25|2|tricube;35|2|tricube","15;16;25;35",TRUE,TRUE,TRUE,TRUE,21,4,TRUE
"SYN_SIMPLEX_FACES_N600__r02__auto","SYN-SIMPLEX-FACES-N600","synthetic compositional strata",2,"auto",TRUE,TRUE,"ok","ok","complete_ok",TRUE,NA,0.0222842210181717,0.0255170428875463,0.00323282186937458,0.0998041217665238,0.100253141833176,0.000449020066652414,131.341,29.027,0.221004865198224,18,16,90,90,"18|2|tricube","16|2|tricube","15|2|tricube;16|2|tricube;25|2|tricube;35|2|tricube","15;16;25;35",FALSE,FALSE,FALSE,TRUE,21,4,TRUE
"SYN_SIMPLEX_FACES_N600__r02__local_auto","SYN-SIMPLEX-FACES-N600","synthetic compositional strata",2,"local.auto",TRUE,TRUE,"ok","ok","complete_ok",TRUE,NA,0.0225376403861983,0.0221911840548326,-0.000346456331365621,0.107810274227239,0.10795910472356,0.000148830496321237,136.685,37.809,0.276614112740974,34,35,30,30,"34|2|tricube","35|2|tricube","15|2|tricube;16|2|tricube;25|2|tricube;35|2|tricube","15;16;25;35",FALSE,FALSE,FALSE,TRUE,21,4,TRUE
"SYN_SIMPLEX_FACES_N600__r03__auto","SYN-SIMPLEX-FACES-N600","synthetic compositional strata",3,"auto",TRUE,TRUE,"ok","ok","complete_ok",TRUE,NA,0.0265494067487512,0.0260713632929408,-0.000478043455810394,0.101516408936133,0.101889507917723,0.000373098981589839,127.322,30.107,0.236463454862475,22,35,30,10,"22|2|tricube","35|2|tricube","15|2|tricube;16|2|tricube;25|2|tricube;35|2|tricube","15;16;25;35",FALSE,FALSE,FALSE,FALSE,21,4,TRUE
"SYN_SIMPLEX_FACES_N600__r03__local_auto","SYN-SIMPLEX-FACES-N600","synthetic compositional strata",3,"local.auto",TRUE,TRUE,"ok","ok","complete_ok",TRUE,NA,0.0247631094291405,0.0249776529448618,0.000214543515721328,0.103670535079545,0.104034870876078,0.000364335796532653,135.945,38.018,0.279657214314613,22,25,90,90,"22|2|tricube","25|2|tricube","15|2|tricube;16|2|tricube;25|2|tricube;35|2|tricube","15;16;25;35",FALSE,FALSE,FALSE,TRUE,21,4,TRUE
"SYN_RANK_BLOCKS_N600_P100__r01__auto","SYN-RANK-BLOCKS-N600-P100","synthetic high-dimensional rank strata",1,"auto",TRUE,TRUE,"ok","ok","complete_ok",TRUE,NA,0.0465235241434017,0.0465235241434017,0,0.116015301771398,0.116015301771398,0,2638.719,2233.294,0.846355371678455,35,35,90,90,"35|2|tricube","35|2|tricube","15|2|tricube;25|2|tricube;26|2|tricube;27|2|tricube;28|2|tricube;29|2|tricube;30|2|tricube;31|2|tricube;32|2|tricube;33|2|tricube;34|2|tricube;35|2|tricube","15;25;26;27;28;29;30;31;32;33;34;35",TRUE,TRUE,TRUE,TRUE,21,12,TRUE
"SYN_RANK_BLOCKS_N600_P100__r01__local_auto","SYN-RANK-BLOCKS-N600-P100","synthetic high-dimensional rank strata",1,"local.auto",TRUE,TRUE,"ok","ok","complete_ok",TRUE,NA,0.0432340095573598,0.0466758847053451,0.00344187514798532,0.113763047167954,0.118160848667829,0.00439780149987415,2248.26,1750.752,0.778714205652371,24,35,90,10,"24|2|tricube","35|2|tricube","21|2|tricube;22|2|tricube;26|2|tricube;27|2|tricube;28|2|tricube;29|2|tricube;30|2|tricube;31|2|tricube;32|2|tricube;33|2|tricube;34|2|tricube;35|2|tricube","21;22;26;27;28;29;30;31;32;33;34;35",FALSE,FALSE,FALSE,FALSE,21,12,TRUE
"SYN_RANK_BLOCKS_N600_P100__r02__auto","SYN-RANK-BLOCKS-N600-P100","synthetic high-dimensional rank strata",2,"auto",TRUE,TRUE,"ok","ok","complete_ok",TRUE,NA,0.0422154297223928,0.0422154297223928,0,0.118544644151145,0.118544644151145,0,2628.796,2157.177,0.820595055683286,35,35,90,90,"35|2|tricube","35|2|tricube","21|2|tricube;22|2|tricube;23|2|tricube;26|2|tricube;27|2|tricube;28|2|tricube;29|2|tricube;30|2|tricube;32|2|tricube;33|2|tricube;34|2|tricube;35|2|tricube","21;22;23;26;27;28;29;30;32;33;34;35",TRUE,TRUE,TRUE,TRUE,21,12,TRUE
"SYN_RANK_BLOCKS_N600_P100__r02__local_auto","SYN-RANK-BLOCKS-N600-P100","synthetic high-dimensional rank strata",2,"local.auto",TRUE,TRUE,"ok","ok","complete_ok",TRUE,NA,0.0445072247492446,0.0483107170063323,0.00380349225708774,0.12392211470996,0.123955103115078,3.29884051185614e-05,2317.935,1847.572,0.797076708363263,23,35,90,30,"23|2|tricube","35|2|tricube","21|2|tricube;22|2|tricube;26|2|tricube;27|2|tricube;28|2|tricube;29|2|tricube;30|2|tricube;31|2|tricube;32|2|tricube;33|2|tricube;34|2|tricube;35|2|tricube","21;22;26;27;28;29;30;31;32;33;34;35",FALSE,FALSE,FALSE,FALSE,21,12,TRUE
"SYN_RANK_BLOCKS_N600_P100__r03__auto","SYN-RANK-BLOCKS-N600-P100","synthetic high-dimensional rank strata",3,"auto",TRUE,TRUE,"ok","ok","complete_ok",TRUE,NA,0.046761603951683,0.046761603951683,0,0.117554369936781,0.117554369936781,0,2626.521,2274.519,0.865981654058734,32,32,90,90,"32|2|tricube","32|2|tricube","21|2|tricube;22|2|tricube;26|2|tricube;27|2|tricube;28|2|tricube;29|2|tricube;30|2|tricube;31|2|tricube;32|2|tricube;33|2|tricube;34|2|tricube;35|2|tricube","21;22;26;27;28;29;30;31;32;33;34;35",TRUE,TRUE,TRUE,TRUE,21,12,TRUE
"SYN_RANK_BLOCKS_N600_P100__r03__local_auto","SYN-RANK-BLOCKS-N600-P100","synthetic high-dimensional rank strata",3,"local.auto",TRUE,TRUE,"ok","ok","complete_ok",TRUE,NA,0.0405488217109417,0.0425626292760046,0.00201380756506286,0.113930334000214,0.11416974156532,0.000239407565106375,1686.613,1320.122,0.782705931947637,25,30,90,30,"25|2|tricube","30|2|tricube","21|2|tricube;22|2|tricube;26|2|tricube;27|2|tricube;28|2|tricube;29|2|tricube;30|2|tricube;31|2|tricube;32|2|tricube;33|2|tricube;34|2|tricube;35|2|tricube","21;22;26;27;28;29;30;31;32;33;34;35",FALSE,FALSE,FALSE,FALSE,21,12,TRUE
