"task_id","batch_id","dataset_id","geometry_family","n","p","method","chart_dim_rule","backend_variant","design_basis","design_drop_tol","ridge_multiplier_grid","ridge_condition_max","support_grid","degree_grid","kernel_grid","lambda_sync_search","status","truth_rmse","observed_rmse","selected_cv_rmse_observed","selected_support_size","selected_degree","selected_kernel","selected_lambda_sync","finite_cv_candidates","total_cv_candidates","chart_dim_n","chart_dim_min","chart_dim_median","chart_dim_max","chart_dim_unique","frame_cols_min","frame_cols_median","frame_cols_max","frame_kept_min","frame_kept_median","frame_kept_max","ridge_multiplier_selected","ridge_condition","ridge_status","elapsed_sec"
"bp7x_0001__LA_D1_RAW_N500__auto__lps__monomial_tiny_ridge","FB01","LA-D1-RAW-N500","VALENCIA depth-1 dCST",500,4,"lps","auto","monomial_tiny_ridge","monomial",1e-08,"1e-8",Inf,"15:35","2","tricube",NA,"nonfinite_fit",NA,NA,NA,15,2,"tricube",NA,0,21,1,2,2,2,1,NA,NA,NA,NA,NA,NA,NA,Inf,NA,3.548
"bp7x_0002__LA_D1_RAW_N500__auto__lps__weighted_qr_drop_tiny","FB01","LA-D1-RAW-N500","VALENCIA depth-1 dCST",500,4,"lps","auto","weighted_qr_drop_tiny","weighted.qr.drop",1e-08,"0;1e-10;1e-8",1e+12,"15:35","2","tricube",NA,"nonfinite_fit",NA,NA,NA,15,2,"tricube",NA,0,21,1,2,2,2,1,NA,NA,NA,NA,NA,NA,NA,1e+12,NA,4.088
"bp7x_0003__LA_D1_RAW_N500__auto__lps__orthogonal_drop_adaptive_tiny","FB01","LA-D1-RAW-N500","VALENCIA depth-1 dCST",500,4,"lps","auto","orthogonal_drop_adaptive_tiny","orthogonal.polynomial.drop",1e-08,"0;1e-10;1e-8",1e+12,"15:35","2","tricube",NA,"ok",0.0529669133892194,0.0826791963047596,0.16269327812882,35,2,"tricube",NA,21,21,1,2,2,2,1,NA,NA,NA,NA,NA,NA,NA,1e+12,NA,4.343
"bp7x_0004__LA_D1_RAW_N500__auto__ps_lps__monomial_tiny_ridge","FB01","LA-D1-RAW-N500","VALENCIA depth-1 dCST",500,4,"ps_lps","auto","monomial_tiny_ridge","monomial",1e-08,"1e-8",Inf,"15:35","2","tricube","guarded","ok",0.0256519068808614,0.0996623979513102,0.1051320560296,31,2,"tricube",30,7,8,500,2,2,2,1,Inf,NA,-Inf,Inf,NA,-Inf,1e-08,NA,"unguarded",60.021
"bp7x_0005__LA_D1_RAW_N500__auto__ps_lps__weighted_qr_drop_tiny","FB01","LA-D1-RAW-N500","VALENCIA depth-1 dCST",500,4,"ps_lps","auto","weighted_qr_drop_tiny","weighted.qr.drop",1e-08,"0;1e-10;1e-8",1e+12,"15:35","2","tricube","guarded","ok",0.0249218065941208,0.100914537370069,0.105439800447614,28,2,"tricube",90,7,8,500,2,2,2,1,Inf,NA,-Inf,Inf,NA,-Inf,1e-10,41385406868.7309,"ok",823.394
"bp7x_0006__LA_D1_RAW_N500__auto__ps_lps__orthogonal_drop_adaptive_tiny","FB01","LA-D1-RAW-N500","VALENCIA depth-1 dCST",500,4,"ps_lps","auto","orthogonal_drop_adaptive_tiny","orthogonal.polynomial.drop",1e-08,"0;1e-10;1e-8",1e+12,"15:35","2","tricube","guarded","ok",0.0253020850591198,0.100580353859698,0.105752741713918,28,2,"tricube",90,8,8,500,2,2,2,1,Inf,NA,-Inf,Inf,NA,-Inf,0,1188151.51292083,"ok",142.088
"bp7x_0007__LA_D1_RAW_N500__local_auto__lps__monomial_tiny_ridge","FB01","LA-D1-RAW-N500","VALENCIA depth-1 dCST",500,4,"lps","local.auto","monomial_tiny_ridge","monomial",1e-08,"1e-8",Inf,"15:35","2","tricube",NA,"nonfinite_fit",NA,NA,NA,15,2,"tricube",NA,0,21,500,1,2,3,3,NA,NA,NA,NA,NA,NA,NA,Inf,NA,13.167
"bp7x_0008__LA_D1_RAW_N500__local_auto__lps__weighted_qr_drop_tiny","FB01","LA-D1-RAW-N500","VALENCIA depth-1 dCST",500,4,"lps","local.auto","weighted_qr_drop_tiny","weighted.qr.drop",1e-08,"0;1e-10;1e-8",1e+12,"15:35","2","tricube",NA,"nonfinite_fit",NA,NA,NA,15,2,"tricube",NA,0,21,500,1,2,3,3,NA,NA,NA,NA,NA,NA,NA,1e+12,NA,14.122
"bp7x_0009__LA_D1_RAW_N500__local_auto__lps__orthogonal_drop_adaptive_tiny","FB01","LA-D1-RAW-N500","VALENCIA depth-1 dCST",500,4,"lps","local.auto","orthogonal_drop_adaptive_tiny","orthogonal.polynomial.drop",1e-08,"0;1e-10;1e-8",1e+12,"15:35","2","tricube",NA,"ok",0.0542541835229238,0.0811252972266797,0.414680708425063,34,2,"tricube",NA,21,21,500,1,2,3,3,NA,NA,NA,NA,NA,NA,NA,1e+12,NA,12.639
"bp7x_0010__LA_D1_RAW_N500__local_auto__ps_lps__monomial_tiny_ridge","FB01","LA-D1-RAW-N500","VALENCIA depth-1 dCST",500,4,"ps_lps","local.auto","monomial_tiny_ridge","monomial",1e-08,"1e-8",Inf,"15:35","2","tricube","guarded","ok",0.0252858285073308,0.100143652734708,0.10431605155015,30,2,"tricube",90,7,8,500,1,2,3,3,Inf,NA,-Inf,Inf,NA,-Inf,1e-08,NA,"unguarded",77.38
"bp7x_0011__LA_D1_RAW_N500__local_auto__ps_lps__weighted_qr_drop_tiny","FB01","LA-D1-RAW-N500","VALENCIA depth-1 dCST",500,4,"ps_lps","local.auto","weighted_qr_drop_tiny","weighted.qr.drop",1e-08,"0;1e-10;1e-8",1e+12,"15:35","2","tricube","guarded","ok",0.0245762433502856,0.0997216038397047,0.104712808761243,30,2,"tricube",90,7,8,500,1,2,3,3,Inf,NA,-Inf,Inf,NA,-Inf,1e-10,25797093642.9218,"ok",964.838
"bp7x_0012__LA_D1_RAW_N500__local_auto__ps_lps__orthogonal_drop_adaptive_tiny","FB01","LA-D1-RAW-N500","VALENCIA depth-1 dCST",500,4,"ps_lps","local.auto","orthogonal_drop_adaptive_tiny","orthogonal.polynomial.drop",1e-08,"0;1e-10;1e-8",1e+12,"15:35","2","tricube","guarded","ok",0.0248292845287678,0.0993993442256022,0.104887482170753,30,2,"tricube",90,8,8,500,1,2,3,3,Inf,NA,-Inf,Inf,NA,-Inf,0,431157.991039354,"ok",349.52
"bp7x_0013__LA_D1_HC_Li_N500__auto__lps__monomial_tiny_ridge","FB02","LA-D1-HC-Li-N500","VALENCIA depth-1 hypercube",500,3,"lps","auto","monomial_tiny_ridge","monomial",1e-08,"1e-8",Inf,"15:35","2","tricube",NA,"nonfinite_fit",NA,NA,NA,15,2,"tricube",NA,0,21,1,2,2,2,1,NA,NA,NA,NA,NA,NA,NA,Inf,NA,6.564
"bp7x_0014__LA_D1_HC_Li_N500__auto__lps__weighted_qr_drop_tiny","FB02","LA-D1-HC-Li-N500","VALENCIA depth-1 hypercube",500,3,"lps","auto","weighted_qr_drop_tiny","weighted.qr.drop",1e-08,"0;1e-10;1e-8",1e+12,"15:35","2","tricube",NA,"nonfinite_fit",NA,NA,NA,15,2,"tricube",NA,0,21,1,2,2,2,1,NA,NA,NA,NA,NA,NA,NA,1e+12,NA,5.942
"bp7x_0015__LA_D1_HC_Li_N500__auto__lps__orthogonal_drop_adaptive_tiny","FB02","LA-D1-HC-Li-N500","VALENCIA depth-1 hypercube",500,3,"lps","auto","orthogonal_drop_adaptive_tiny","orthogonal.polynomial.drop",1e-08,"0;1e-10;1e-8",1e+12,"15:35","2","tricube",NA,"ok",0.0597870640288711,0.0769979499630945,2.00489964410144,21,2,"tricube",NA,21,21,1,2,2,2,1,NA,NA,NA,NA,NA,NA,NA,1e+12,NA,6.638
"bp7x_0016__LA_D1_HC_Li_N500__auto__ps_lps__monomial_tiny_ridge","FB02","LA-D1-HC-Li-N500","VALENCIA depth-1 hypercube",500,3,"ps_lps","auto","monomial_tiny_ridge","monomial",1e-08,"1e-8",Inf,"15:35","2","tricube","guarded","ok",0.0528751915080462,0.108802607612925,0.121675787171418,17,2,"tricube",10,6,7,500,1,1,1,1,Inf,NA,-Inf,Inf,NA,-Inf,1e-08,NA,"unguarded",37.06
"bp7x_0017__LA_D1_HC_Li_N500__auto__ps_lps__weighted_qr_drop_tiny","FB02","LA-D1-HC-Li-N500","VALENCIA depth-1 hypercube",500,3,"ps_lps","auto","weighted_qr_drop_tiny","weighted.qr.drop",1e-08,"0;1e-10;1e-8",1e+12,"15:35","2","tricube","guarded","ok",0.0630262958859007,0.11387636824677,0.141099783918284,29,2,"tricube",10,6,7,500,1,1,1,1,Inf,NA,-Inf,Inf,NA,-Inf,1e-10,20692294483.1967,"ok",254.875
"bp7x_0018__LA_D1_HC_Li_N500__auto__ps_lps__orthogonal_drop_adaptive_tiny","FB02","LA-D1-HC-Li-N500","VALENCIA depth-1 hypercube",500,3,"ps_lps","auto","orthogonal_drop_adaptive_tiny","orthogonal.polynomial.drop",1e-08,"0;1e-10;1e-8",1e+12,"15:35","2","tricube","guarded","ok",0.050177567045494,0.107130195402043,0.11864870742604,22,2,"tricube",10,7,7,500,1,1,1,1,Inf,NA,-Inf,Inf,NA,-Inf,0,17840834.4578801,"ok",105.915
"bp7x_0019__LA_D1_HC_Li_N500__local_auto__lps__monomial_tiny_ridge","FB02","LA-D1-HC-Li-N500","VALENCIA depth-1 hypercube",500,3,"lps","local.auto","monomial_tiny_ridge","monomial",1e-08,"1e-8",Inf,"15:35","2","tricube",NA,"nonfinite_fit",NA,NA,NA,15,2,"tricube",NA,0,21,500,1,2,3,3,NA,NA,NA,NA,NA,NA,NA,Inf,NA,12.778
"bp7x_0020__LA_D1_HC_Li_N500__local_auto__lps__weighted_qr_drop_tiny","FB02","LA-D1-HC-Li-N500","VALENCIA depth-1 hypercube",500,3,"lps","local.auto","weighted_qr_drop_tiny","weighted.qr.drop",1e-08,"0;1e-10;1e-8",1e+12,"15:35","2","tricube",NA,"nonfinite_fit",NA,NA,NA,15,2,"tricube",NA,0,21,500,1,2,3,3,NA,NA,NA,NA,NA,NA,NA,1e+12,NA,13.536
"bp7x_0021__LA_D1_HC_Li_N500__local_auto__lps__orthogonal_drop_adaptive_tiny","FB02","LA-D1-HC-Li-N500","VALENCIA depth-1 hypercube",500,3,"lps","local.auto","orthogonal_drop_adaptive_tiny","orthogonal.polynomial.drop",1e-08,"0;1e-10;1e-8",1e+12,"15:35","2","tricube",NA,"ok",0.0477177604327785,0.0872633856597357,5.48448444825799,35,2,"tricube",NA,21,21,500,1,2,3,3,NA,NA,NA,NA,NA,NA,NA,1e+12,NA,13.826
"bp7x_0022__LA_D1_HC_Li_N500__local_auto__ps_lps__monomial_tiny_ridge","FB02","LA-D1-HC-Li-N500","VALENCIA depth-1 hypercube",500,3,"ps_lps","local.auto","monomial_tiny_ridge","monomial",1e-08,"1e-8",Inf,"15:35","2","tricube","guarded","ok",0.0472522769143147,0.10505918604494,0.117226620942531,20,2,"tricube",10,6,7,500,1,2,3,3,Inf,NA,-Inf,Inf,NA,-Inf,1e-08,NA,"unguarded",59.22
"bp7x_0023__LA_D1_HC_Li_N500__local_auto__ps_lps__weighted_qr_drop_tiny","FB02","LA-D1-HC-Li-N500","VALENCIA depth-1 hypercube",500,3,"ps_lps","local.auto","weighted_qr_drop_tiny","weighted.qr.drop",1e-08,"0;1e-10;1e-8",1e+12,"15:35","2","tricube","guarded","ok",0.0469046075889957,0.106090639895565,0.119859564238635,15,2,"tricube",90,7,8,500,1,2,3,3,Inf,NA,-Inf,Inf,NA,-Inf,1e-10,29399082590.1762,"ok",522.426
"bp7x_0024__LA_D1_HC_Li_N500__local_auto__ps_lps__orthogonal_drop_adaptive_tiny","FB02","LA-D1-HC-Li-N500","VALENCIA depth-1 hypercube",500,3,"ps_lps","local.auto","orthogonal_drop_adaptive_tiny","orthogonal.polynomial.drop",1e-08,"0;1e-10;1e-8",1e+12,"15:35","2","tricube","guarded","ok",0.0332798242894604,0.0982939711181741,0.115989682359047,23,2,"tricube",10,7,7,500,1,2,3,3,Inf,NA,-Inf,Inf,NA,-Inf,0,22147807.0081041,"ok",147.469
"bp7x_0025__LA_D1_HC_Lc_N500__auto__lps__monomial_tiny_ridge","FB03","LA-D1-HC-Lc-N500","VALENCIA depth-1 hypercube",500,3,"lps","auto","monomial_tiny_ridge","monomial",1e-08,"1e-8",Inf,"15:35","2","tricube",NA,"nonfinite_fit",NA,NA,NA,15,2,"tricube",NA,0,21,1,2,2,2,1,NA,NA,NA,NA,NA,NA,NA,Inf,NA,5.054
"bp7x_0026__LA_D1_HC_Lc_N500__auto__lps__weighted_qr_drop_tiny","FB03","LA-D1-HC-Lc-N500","VALENCIA depth-1 hypercube",500,3,"lps","auto","weighted_qr_drop_tiny","weighted.qr.drop",1e-08,"0;1e-10;1e-8",1e+12,"15:35","2","tricube",NA,"nonfinite_fit",NA,NA,NA,15,2,"tricube",NA,0,21,1,2,2,2,1,NA,NA,NA,NA,NA,NA,NA,1e+12,NA,5.815
"bp7x_0027__LA_D1_HC_Lc_N500__auto__lps__orthogonal_drop_adaptive_tiny","FB03","LA-D1-HC-Lc-N500","VALENCIA depth-1 hypercube",500,3,"lps","auto","orthogonal_drop_adaptive_tiny","orthogonal.polynomial.drop",1e-08,"0;1e-10;1e-8",1e+12,"15:35","2","tricube",NA,"ok",0.0619100338241241,0.0760020561719585,13.2767296110429,26,2,"tricube",NA,21,21,1,2,2,2,1,NA,NA,NA,NA,NA,NA,NA,1e+12,NA,5.416
"bp7x_0028__LA_D1_HC_Lc_N500__auto__ps_lps__monomial_tiny_ridge","FB03","LA-D1-HC-Lc-N500","VALENCIA depth-1 hypercube",500,3,"ps_lps","auto","monomial_tiny_ridge","monomial",1e-08,"1e-8",Inf,"15:35","2","tricube","guarded","ok",0.0327733310834467,0.0940809566341323,0.105438933334812,29,2,"tricube",1,5,6,500,2,2,2,1,Inf,NA,-Inf,Inf,NA,-Inf,1e-08,NA,"unguarded",56.499
"bp7x_0029__LA_D1_HC_Lc_N500__auto__ps_lps__weighted_qr_drop_tiny","FB03","LA-D1-HC-Lc-N500","VALENCIA depth-1 hypercube",500,3,"ps_lps","auto","weighted_qr_drop_tiny","weighted.qr.drop",1e-08,"0;1e-10;1e-8",1e+12,"15:35","2","tricube","guarded","ok",0.0345719001761971,0.0929229530579409,0.10554716681442,29,2,"tricube",1,5,6,500,2,2,2,1,Inf,NA,-Inf,Inf,NA,-Inf,1e-10,26841530596.2465,"ok",678.414
"bp7x_0030__LA_D1_HC_Lc_N500__auto__ps_lps__orthogonal_drop_adaptive_tiny","FB03","LA-D1-HC-Lc-N500","VALENCIA depth-1 hypercube",500,3,"ps_lps","auto","orthogonal_drop_adaptive_tiny","orthogonal.polynomial.drop",1e-08,"0;1e-10;1e-8",1e+12,"15:35","2","tricube","guarded","ok",0.0372992499579962,0.0908008093304637,0.106483274420354,29,2,"tricube",1,7,7,500,2,2,2,1,Inf,NA,-Inf,Inf,NA,-Inf,0,46352193.6856337,"ok",216.604
"bp7x_0031__LA_D1_HC_Lc_N500__local_auto__lps__monomial_tiny_ridge","FB03","LA-D1-HC-Lc-N500","VALENCIA depth-1 hypercube",500,3,"lps","local.auto","monomial_tiny_ridge","monomial",1e-08,"1e-8",Inf,"15:35","2","tricube",NA,"nonfinite_fit",NA,NA,NA,15,2,"tricube",NA,0,21,500,1,2,3,3,NA,NA,NA,NA,NA,NA,NA,Inf,NA,15.174
"bp7x_0032__LA_D1_HC_Lc_N500__local_auto__lps__weighted_qr_drop_tiny","FB03","LA-D1-HC-Lc-N500","VALENCIA depth-1 hypercube",500,3,"lps","local.auto","weighted_qr_drop_tiny","weighted.qr.drop",1e-08,"0;1e-10;1e-8",1e+12,"15:35","2","tricube",NA,"nonfinite_fit",NA,NA,NA,15,2,"tricube",NA,0,21,500,1,2,3,3,NA,NA,NA,NA,NA,NA,NA,1e+12,NA,14.953
"bp7x_0033__LA_D1_HC_Lc_N500__local_auto__lps__orthogonal_drop_adaptive_tiny","FB03","LA-D1-HC-Lc-N500","VALENCIA depth-1 hypercube",500,3,"lps","local.auto","orthogonal_drop_adaptive_tiny","orthogonal.polynomial.drop",1e-08,"0;1e-10;1e-8",1e+12,"15:35","2","tricube",NA,"ok",0.056925577066139,0.0794638992489923,0.297876734235029,35,2,"tricube",NA,21,21,500,1,2,3,3,NA,NA,NA,NA,NA,NA,NA,1e+12,NA,14.506
"bp7x_0034__LA_D1_HC_Lc_N500__local_auto__ps_lps__monomial_tiny_ridge","FB03","LA-D1-HC-Lc-N500","VALENCIA depth-1 hypercube",500,3,"ps_lps","local.auto","monomial_tiny_ridge","monomial",1e-08,"1e-8",Inf,"15:35","2","tricube","guarded","ok",0.024711690145121,0.0987599314000356,0.104602350870816,21,2,"tricube",30,7,8,500,1,2,3,3,Inf,NA,-Inf,Inf,NA,-Inf,1e-08,NA,"unguarded",78.014
"bp7x_0035__LA_D1_HC_Lc_N500__local_auto__ps_lps__weighted_qr_drop_tiny","FB03","LA-D1-HC-Lc-N500","VALENCIA depth-1 hypercube",500,3,"ps_lps","local.auto","weighted_qr_drop_tiny","weighted.qr.drop",1e-08,"0;1e-10;1e-8",1e+12,"15:35","2","tricube","guarded","ok",0.0258557623410034,0.0983246640197896,0.104647459384218,21,2,"tricube",30,7,8,500,1,2,3,3,Inf,NA,-Inf,Inf,NA,-Inf,1e-10,26750282871.9712,"ok",845.078
"bp7x_0036__LA_D1_HC_Lc_N500__local_auto__ps_lps__orthogonal_drop_adaptive_tiny","FB03","LA-D1-HC-Lc-N500","VALENCIA depth-1 hypercube",500,3,"ps_lps","local.auto","orthogonal_drop_adaptive_tiny","orthogonal.polynomial.drop",1e-08,"0;1e-10;1e-8",1e+12,"15:35","2","tricube","guarded","ok",0.0263213123542731,0.0977818399932341,0.104739274468449,21,2,"tricube",30,8,8,500,1,2,3,3,Inf,NA,-Inf,Inf,NA,-Inf,0,1787146769.50826,"ok",268.297
"bp7x_0037__LA_D1_HC_Gv_N500__auto__lps__monomial_tiny_ridge","FB04","LA-D1-HC-Gv-N500","VALENCIA depth-1 hypercube",500,3,"lps","auto","monomial_tiny_ridge","monomial",1e-08,"1e-8",Inf,"15:35","2","tricube",NA,"nonfinite_fit",NA,NA,NA,15,2,"tricube",NA,0,21,1,2,2,2,1,NA,NA,NA,NA,NA,NA,NA,Inf,NA,5.305
"bp7x_0038__LA_D1_HC_Gv_N500__auto__lps__weighted_qr_drop_tiny","FB04","LA-D1-HC-Gv-N500","VALENCIA depth-1 hypercube",500,3,"lps","auto","weighted_qr_drop_tiny","weighted.qr.drop",1e-08,"0;1e-10;1e-8",1e+12,"15:35","2","tricube",NA,"nonfinite_fit",NA,NA,NA,15,2,"tricube",NA,0,21,1,2,2,2,1,NA,NA,NA,NA,NA,NA,NA,1e+12,NA,5.2
"bp7x_0039__LA_D1_HC_Gv_N500__auto__lps__orthogonal_drop_adaptive_tiny","FB04","LA-D1-HC-Gv-N500","VALENCIA depth-1 hypercube",500,3,"lps","auto","orthogonal_drop_adaptive_tiny","orthogonal.polynomial.drop",1e-08,"0;1e-10;1e-8",1e+12,"15:35","2","tricube",NA,"ok",0.0500535065245154,0.0934258897710663,0.130671860863015,35,2,"tricube",NA,21,21,1,1,1,1,1,NA,NA,NA,NA,NA,NA,NA,1e+12,NA,5.315
"bp7x_0040__LA_D1_HC_Gv_N500__auto__ps_lps__monomial_tiny_ridge","FB04","LA-D1-HC-Gv-N500","VALENCIA depth-1 hypercube",500,3,"ps_lps","auto","monomial_tiny_ridge","monomial",1e-08,"1e-8",Inf,"15:35","2","tricube","guarded","ok",0.0278587172842025,0.0975008417205034,0.104907356135028,15,2,"tricube",10,6,7,500,2,2,2,1,Inf,NA,-Inf,Inf,NA,-Inf,1e-08,NA,"unguarded",51.969
"bp7x_0041__LA_D1_HC_Gv_N500__auto__ps_lps__weighted_qr_drop_tiny","FB04","LA-D1-HC-Gv-N500","VALENCIA depth-1 hypercube",500,3,"ps_lps","auto","weighted_qr_drop_tiny","weighted.qr.drop",1e-08,"0;1e-10;1e-8",1e+12,"15:35","2","tricube","guarded","ok",0.0303303779062424,0.0979297910796209,0.106827912616915,15,2,"tricube",30,7,8,500,2,2,2,1,Inf,NA,-Inf,Inf,NA,-Inf,1e-10,31252188540.1078,"ok",476.176
"bp7x_0042__LA_D1_HC_Gv_N500__auto__ps_lps__orthogonal_drop_adaptive_tiny","FB04","LA-D1-HC-Gv-N500","VALENCIA depth-1 hypercube",500,3,"ps_lps","auto","orthogonal_drop_adaptive_tiny","orthogonal.polynomial.drop",1e-08,"0;1e-10;1e-8",1e+12,"15:35","2","tricube","guarded","ok",0.037600166833424,0.0983374170429592,0.111297778704897,29,2,"tricube",10,7,7,500,2,2,2,1,Inf,NA,-Inf,Inf,NA,-Inf,0,585390443.380242,"ok",151.423
"bp7x_0043__LA_D1_HC_Gv_N500__local_auto__lps__monomial_tiny_ridge","FB04","LA-D1-HC-Gv-N500","VALENCIA depth-1 hypercube",500,3,"lps","local.auto","monomial_tiny_ridge","monomial",1e-08,"1e-8",Inf,"15:35","2","tricube",NA,"nonfinite_fit",NA,NA,NA,15,2,"tricube",NA,0,21,500,1,2,3,3,NA,NA,NA,NA,NA,NA,NA,Inf,NA,15.496
"bp7x_0044__LA_D1_HC_Gv_N500__local_auto__lps__weighted_qr_drop_tiny","FB04","LA-D1-HC-Gv-N500","VALENCIA depth-1 hypercube",500,3,"lps","local.auto","weighted_qr_drop_tiny","weighted.qr.drop",1e-08,"0;1e-10;1e-8",1e+12,"15:35","2","tricube",NA,"nonfinite_fit",NA,NA,NA,15,2,"tricube",NA,0,21,500,1,2,3,3,NA,NA,NA,NA,NA,NA,NA,1e+12,NA,16.495
"bp7x_0045__LA_D1_HC_Gv_N500__local_auto__lps__orthogonal_drop_adaptive_tiny","FB04","LA-D1-HC-Gv-N500","VALENCIA depth-1 hypercube",500,3,"lps","local.auto","orthogonal_drop_adaptive_tiny","orthogonal.polynomial.drop",1e-08,"0;1e-10;1e-8",1e+12,"15:35","2","tricube",NA,"ok",0.0484045055148002,0.086254967914427,0.158526316525889,35,2,"tricube",NA,21,21,500,1,1,3,3,NA,NA,NA,NA,NA,NA,NA,1e+12,NA,15.687
"bp7x_0046__LA_D1_HC_Gv_N500__local_auto__ps_lps__monomial_tiny_ridge","FB04","LA-D1-HC-Gv-N500","VALENCIA depth-1 hypercube",500,3,"ps_lps","local.auto","monomial_tiny_ridge","monomial",1e-08,"1e-8",Inf,"15:35","2","tricube","guarded","ok",0.0287306995716227,0.0964181162290233,0.103911870072884,31,2,"tricube",1,5,6,500,1,1,3,3,Inf,NA,-Inf,Inf,NA,-Inf,1e-08,NA,"unguarded",61.045
"bp7x_0047__LA_D1_HC_Gv_N500__local_auto__ps_lps__weighted_qr_drop_tiny","FB04","LA-D1-HC-Gv-N500","VALENCIA depth-1 hypercube",500,3,"ps_lps","local.auto","weighted_qr_drop_tiny","weighted.qr.drop",1e-08,"0;1e-10;1e-8",1e+12,"15:35","2","tricube","guarded","ok",0.0306681008277381,0.0955555675803102,0.104443662640117,31,2,"tricube",1,5,6,500,1,1,3,3,Inf,NA,-Inf,Inf,NA,-Inf,1e-10,22856040426.0854,"ok",438.773
"bp7x_0048__LA_D1_HC_Gv_N500__local_auto__ps_lps__orthogonal_drop_adaptive_tiny","FB04","LA-D1-HC-Gv-N500","VALENCIA depth-1 hypercube",500,3,"ps_lps","local.auto","orthogonal_drop_adaptive_tiny","orthogonal.polynomial.drop",1e-08,"0;1e-10;1e-8",1e+12,"15:35","2","tricube","guarded","ok",0.0338767632097577,0.0943996722441753,0.106870443668043,35,2,"tricube",1,6,6,500,1,1,3,3,Inf,NA,-Inf,Inf,NA,-Inf,0,172584.118081938,"ok",146.365
"bp7x_0049__LA_D1_HC_Bv_N500__auto__lps__monomial_tiny_ridge","FB05","LA-D1-HC-Bv-N500","VALENCIA depth-1 hypercube",500,3,"lps","auto","monomial_tiny_ridge","monomial",1e-08,"1e-8",Inf,"15:35","2","tricube",NA,"nonfinite_fit",NA,NA,NA,15,2,"tricube",NA,0,21,1,2,2,2,1,NA,NA,NA,NA,NA,NA,NA,Inf,NA,6.042
"bp7x_0050__LA_D1_HC_Bv_N500__auto__lps__weighted_qr_drop_tiny","FB05","LA-D1-HC-Bv-N500","VALENCIA depth-1 hypercube",500,3,"lps","auto","weighted_qr_drop_tiny","weighted.qr.drop",1e-08,"0;1e-10;1e-8",1e+12,"15:35","2","tricube",NA,"nonfinite_fit",NA,NA,NA,15,2,"tricube",NA,0,21,1,2,2,2,1,NA,NA,NA,NA,NA,NA,NA,1e+12,NA,6.296
"bp7x_0051__LA_D1_HC_Bv_N500__auto__lps__orthogonal_drop_adaptive_tiny","FB05","LA-D1-HC-Bv-N500","VALENCIA depth-1 hypercube",500,3,"lps","auto","orthogonal_drop_adaptive_tiny","orthogonal.polynomial.drop",1e-08,"0;1e-10;1e-8",1e+12,"15:35","2","tricube",NA,"ok",0.0654931221116002,0.0723546222371147,10.9638359616037,20,2,"tricube",NA,21,21,1,2,2,2,1,NA,NA,NA,NA,NA,NA,NA,1e+12,NA,7.053
"bp7x_0052__LA_D1_HC_Bv_N500__auto__ps_lps__monomial_tiny_ridge","FB05","LA-D1-HC-Bv-N500","VALENCIA depth-1 hypercube",500,3,"ps_lps","auto","monomial_tiny_ridge","monomial",1e-08,"1e-8",Inf,"15:35","2","tricube","guarded","ok",0.0260814661470651,0.0969766943308587,0.103946468081168,17,2,"tricube",90,7,8,500,2,2,2,1,Inf,NA,-Inf,Inf,NA,-Inf,1e-08,NA,"unguarded",73.503
"bp7x_0053__LA_D1_HC_Bv_N500__auto__ps_lps__weighted_qr_drop_tiny","FB05","LA-D1-HC-Bv-N500","VALENCIA depth-1 hypercube",500,3,"ps_lps","auto","weighted_qr_drop_tiny","weighted.qr.drop",1e-08,"0;1e-10;1e-8",1e+12,"15:35","2","tricube","guarded","ok",0.029160629827258,0.0957682425303783,0.103123285649221,16,2,"tricube",90,7,8,500,2,2,2,1,Inf,NA,-Inf,Inf,NA,-Inf,1e-10,27882144561.3931,"ok",886.242
"bp7x_0054__LA_D1_HC_Bv_N500__auto__ps_lps__orthogonal_drop_adaptive_tiny","FB05","LA-D1-HC-Bv-N500","VALENCIA depth-1 hypercube",500,3,"ps_lps","auto","orthogonal_drop_adaptive_tiny","orthogonal.polynomial.drop",1e-08,"0;1e-10;1e-8",1e+12,"15:35","2","tricube","guarded","ok",0.026559521582333,0.0968169390495631,0.104234518323579,22,2,"tricube",90,8,8,500,2,2,2,1,Inf,NA,-Inf,Inf,NA,-Inf,0,112040680354.779,"ok",317.058
"bp7x_0055__LA_D1_HC_Bv_N500__local_auto__lps__monomial_tiny_ridge","FB05","LA-D1-HC-Bv-N500","VALENCIA depth-1 hypercube",500,3,"lps","local.auto","monomial_tiny_ridge","monomial",1e-08,"1e-8",Inf,"15:35","2","tricube",NA,"nonfinite_fit",NA,NA,NA,15,2,"tricube",NA,0,21,500,1,2,3,3,NA,NA,NA,NA,NA,NA,NA,Inf,NA,17.048
"bp7x_0056__LA_D1_HC_Bv_N500__local_auto__lps__weighted_qr_drop_tiny","FB05","LA-D1-HC-Bv-N500","VALENCIA depth-1 hypercube",500,3,"lps","local.auto","weighted_qr_drop_tiny","weighted.qr.drop",1e-08,"0;1e-10;1e-8",1e+12,"15:35","2","tricube",NA,"nonfinite_fit",NA,NA,NA,15,2,"tricube",NA,0,21,500,1,2,3,3,NA,NA,NA,NA,NA,NA,NA,1e+12,NA,16.657
"bp7x_0057__LA_D1_HC_Bv_N500__local_auto__lps__orthogonal_drop_adaptive_tiny","FB05","LA-D1-HC-Bv-N500","VALENCIA depth-1 hypercube",500,3,"lps","local.auto","orthogonal_drop_adaptive_tiny","orthogonal.polynomial.drop",1e-08,"0;1e-10;1e-8",1e+12,"15:35","2","tricube",NA,"ok",0.0531890012507598,0.081863671409926,8.78356589561306,35,2,"tricube",NA,21,21,500,1,2,3,3,NA,NA,NA,NA,NA,NA,NA,1e+12,NA,16.591
"bp7x_0058__LA_D1_HC_Bv_N500__local_auto__ps_lps__monomial_tiny_ridge","FB05","LA-D1-HC-Bv-N500","VALENCIA depth-1 hypercube",500,3,"ps_lps","local.auto","monomial_tiny_ridge","monomial",1e-08,"1e-8",Inf,"15:35","2","tricube","guarded","ok",0.0272687836792304,0.097295187313015,0.105280807508946,15,2,"tricube",90,7,8,500,1,2,3,3,Inf,NA,-Inf,Inf,NA,-Inf,1e-08,NA,"unguarded",77.227
"bp7x_0059__LA_D1_HC_Bv_N500__local_auto__ps_lps__weighted_qr_drop_tiny","FB05","LA-D1-HC-Bv-N500","VALENCIA depth-1 hypercube",500,3,"ps_lps","local.auto","weighted_qr_drop_tiny","weighted.qr.drop",1e-08,"0;1e-10;1e-8",1e+12,"15:35","2","tricube","guarded","ok",0.0276820178573531,0.097422550336148,0.105686253678495,17,2,"tricube",90,7,8,500,1,2,3,3,Inf,NA,-Inf,Inf,NA,-Inf,1e-10,28820797228.0461,"ok",684.146
"bp7x_0060__LA_D1_HC_Bv_N500__local_auto__ps_lps__orthogonal_drop_adaptive_tiny","FB05","LA-D1-HC-Bv-N500","VALENCIA depth-1 hypercube",500,3,"ps_lps","local.auto","orthogonal_drop_adaptive_tiny","orthogonal.polynomial.drop",1e-08,"0;1e-10;1e-8",1e+12,"15:35","2","tricube","guarded","ok",0.027158358386481,0.0970613814011322,0.105799119308246,24,2,"tricube",30,8,8,500,1,2,3,3,Inf,NA,-Inf,Inf,NA,-Inf,0,22933452102.1723,"ok",245.604
"bp7x_0061__LA_D2_RAW_N500__auto__lps__monomial_tiny_ridge","FB06","LA-D2-RAW-N500","VALENCIA depth2 dCST",500,43,"lps","auto","monomial_tiny_ridge","monomial",1e-08,"1e-8",Inf,"15:35","2","tricube",NA,"nonfinite_fit",NA,NA,3.5059618443398,28,2,"tricube",NA,2,21,1,4,4,4,1,NA,NA,NA,NA,NA,NA,NA,Inf,NA,22.73
"bp7x_0062__LA_D2_RAW_N500__auto__lps__weighted_qr_drop_tiny","FB06","LA-D2-RAW-N500","VALENCIA depth2 dCST",500,43,"lps","auto","weighted_qr_drop_tiny","weighted.qr.drop",1e-08,"0;1e-10;1e-8",1e+12,"15:35","2","tricube",NA,"nonfinite_fit",NA,NA,NA,15,2,"tricube",NA,0,21,1,3,3,3,1,NA,NA,NA,NA,NA,NA,NA,1e+12,NA,23.698
"bp7x_0063__LA_D2_RAW_N500__auto__lps__orthogonal_drop_adaptive_tiny","FB06","LA-D2-RAW-N500","VALENCIA depth2 dCST",500,43,"lps","auto","orthogonal_drop_adaptive_tiny","orthogonal.polynomial.drop",1e-08,"0;1e-10;1e-8",1e+12,"15:35","2","tricube",NA,"ok",0.0916134697768922,0.0359545839602128,62.6756588476877,30,2,"tricube",NA,21,21,1,4,4,4,1,NA,NA,NA,NA,NA,NA,NA,1e+12,NA,24.598
"bp7x_0064__LA_D2_RAW_N500__auto__ps_lps__monomial_tiny_ridge","FB06","LA-D2-RAW-N500","VALENCIA depth2 dCST",500,43,"ps_lps","auto","monomial_tiny_ridge","monomial",1e-08,"1e-8",Inf,"15:35","2","tricube","guarded","ok",0.0315544440051374,0.0939123851552393,0.113887833607556,34,2,"tricube",10,7,8,500,5,5,5,1,Inf,NA,-Inf,Inf,NA,-Inf,1e-08,NA,"unguarded",527.622
"bp7x_0065__LA_D2_RAW_N500__auto__ps_lps__weighted_qr_drop_tiny","FB06","LA-D2-RAW-N500","VALENCIA depth2 dCST",500,43,"ps_lps","auto","weighted_qr_drop_tiny","weighted.qr.drop",1e-08,"0;1e-10;1e-8",1e+12,"15:35","2","tricube","guarded","ok",0.0329832939617421,0.093737931959077,0.11848328902179,35,2,"tricube",90,7,8,500,5,5,5,1,Inf,NA,-Inf,Inf,NA,-Inf,1e-10,86131145516.5188,"ok",16395.735
"bp7x_0066__LA_D2_RAW_N500__auto__ps_lps__orthogonal_drop_adaptive_tiny","FB06","LA-D2-RAW-N500","VALENCIA depth2 dCST",500,43,"ps_lps","auto","orthogonal_drop_adaptive_tiny","orthogonal.polynomial.drop",1e-08,"0;1e-10;1e-8",1e+12,"15:35","2","tricube","guarded","ok",0.048524818903027,0.0809302918399055,0.134756323773604,30,2,"tricube",10,8,8,500,4,4,4,1,Inf,NA,-Inf,Inf,NA,-Inf,0,2994138660.68155,"ok",12010.693
"bp7x_0067__LA_D2_RAW_N500__local_auto__lps__monomial_tiny_ridge","FB06","LA-D2-RAW-N500","VALENCIA depth2 dCST",500,43,"lps","local.auto","monomial_tiny_ridge","monomial",1e-08,"1e-8",Inf,"15:35","2","tricube",NA,"nonfinite_fit",NA,NA,NA,15,2,"tricube",NA,0,21,500,1,3,3,3,NA,NA,NA,NA,NA,NA,NA,Inf,NA,41.024
"bp7x_0068__LA_D2_RAW_N500__local_auto__lps__weighted_qr_drop_tiny","FB06","LA-D2-RAW-N500","VALENCIA depth2 dCST",500,43,"lps","local.auto","weighted_qr_drop_tiny","weighted.qr.drop",1e-08,"0;1e-10;1e-8",1e+12,"15:35","2","tricube",NA,"nonfinite_fit",NA,NA,NA,15,2,"tricube",NA,0,21,500,1,3,3,3,NA,NA,NA,NA,NA,NA,NA,1e+12,NA,36.871
"bp7x_0069__LA_D2_RAW_N500__local_auto__lps__orthogonal_drop_adaptive_tiny","FB06","LA-D2-RAW-N500","VALENCIA depth2 dCST",500,43,"lps","local.auto","orthogonal_drop_adaptive_tiny","orthogonal.polynomial.drop",1e-08,"0;1e-10;1e-8",1e+12,"15:35","2","tricube",NA,"ok",0.0915903284284689,0.0370845022862142,9.5731452935875,25,2,"tricube",NA,21,21,500,1,4,5,5,NA,NA,NA,NA,NA,NA,NA,1e+12,NA,37.285
"bp7x_0070__LA_D2_RAW_N500__local_auto__ps_lps__monomial_tiny_ridge","FB06","LA-D2-RAW-N500","VALENCIA depth2 dCST",500,43,"ps_lps","local.auto","monomial_tiny_ridge","monomial",1e-08,"1e-8",Inf,"15:35","2","tricube","guarded","ok",0.072470018428252,0.0607724052594898,0.156429355524699,35,2,"tricube",0.000333333333333333,7,8,500,1,4,6,6,Inf,NA,-Inf,Inf,NA,-Inf,1e-08,NA,"unguarded",500.063
"bp7x_0071__LA_D2_RAW_N500__local_auto__ps_lps__weighted_qr_drop_tiny","FB06","LA-D2-RAW-N500","VALENCIA depth2 dCST",500,43,"ps_lps","local.auto","weighted_qr_drop_tiny","weighted.qr.drop",1e-08,"0;1e-10;1e-8",1e+12,"15:35","2","tricube","guarded","ok",0.117815520295255,0.152349746189753,0.377088114389613,35,2,"tricube",90,7,8,500,1,4,6,6,Inf,NA,-Inf,Inf,NA,-Inf,1e-10,57723342267.2069,"ok",10965.417
"bp7x_0072__LA_D2_RAW_N500__local_auto__ps_lps__orthogonal_drop_adaptive_tiny","FB06","LA-D2-RAW-N500","VALENCIA depth2 dCST",500,43,"ps_lps","local.auto","orthogonal_drop_adaptive_tiny","orthogonal.polynomial.drop",1e-08,"0;1e-10;1e-8",1e+12,"15:35","2","tricube","guarded","ok",0.0950944960130703,0.120554957961434,0.259138084199294,16,2,"tricube",90,7,8,500,1,4,4,4,Inf,NA,-Inf,Inf,NA,-Inf,0,448890963.025332,"ok",4961.832
"bp7x_0073__LA_D2_HC_TOP1_N500__auto__lps__monomial_tiny_ridge","FB07","LA-D2-HC-TOP1-N500","VALENCIA depth-2 hypercube",500,42,"lps","auto","monomial_tiny_ridge","monomial",1e-08,"1e-8",Inf,"15:35","2","tricube",NA,"nonfinite_fit",NA,NA,NA,15,2,"tricube",NA,0,21,1,3,3,3,1,NA,NA,NA,NA,NA,NA,NA,Inf,NA,22.612
"bp7x_0074__LA_D2_HC_TOP1_N500__auto__lps__weighted_qr_drop_tiny","FB07","LA-D2-HC-TOP1-N500","VALENCIA depth-2 hypercube",500,42,"lps","auto","weighted_qr_drop_tiny","weighted.qr.drop",1e-08,"0;1e-10;1e-8",1e+12,"15:35","2","tricube",NA,"nonfinite_fit",NA,NA,NA,15,2,"tricube",NA,0,21,1,3,3,3,1,NA,NA,NA,NA,NA,NA,NA,1e+12,NA,24.468
"bp7x_0075__LA_D2_HC_TOP1_N500__auto__lps__orthogonal_drop_adaptive_tiny","FB07","LA-D2-HC-TOP1-N500","VALENCIA depth-2 hypercube",500,42,"lps","auto","orthogonal_drop_adaptive_tiny","orthogonal.polynomial.drop",1e-08,"0;1e-10;1e-8",1e+12,"15:35","2","tricube",NA,"ok",0.0923696202319009,0.0454521226370399,95.1302787921494,27,2,"tricube",NA,21,21,1,4,4,4,1,NA,NA,NA,NA,NA,NA,NA,1e+12,NA,23.866
"bp7x_0076__LA_D2_HC_TOP1_N500__auto__ps_lps__monomial_tiny_ridge","FB07","LA-D2-HC-TOP1-N500","VALENCIA depth-2 hypercube",500,42,"ps_lps","auto","monomial_tiny_ridge","monomial",1e-08,"1e-8",Inf,"15:35","2","tricube","guarded","ok",0.12202367119214,0.151673692991717,0.184059148594033,35,2,"tricube",10,6,7,500,3,3,3,1,Inf,NA,-Inf,Inf,NA,-Inf,1e-08,NA,"unguarded",311.472
"bp7x_0077__LA_D2_HC_TOP1_N500__auto__ps_lps__weighted_qr_drop_tiny","FB07","LA-D2-HC-TOP1-N500","VALENCIA depth-2 hypercube",500,42,"ps_lps","auto","weighted_qr_drop_tiny","weighted.qr.drop",1e-08,"0;1e-10;1e-8",1e+12,"15:35","2","tricube","guarded","ok",0.144586941107432,0.170011600742431,0.217173140546653,35,2,"tricube",90,7,8,500,3,3,3,1,Inf,NA,-Inf,Inf,NA,-Inf,1e-10,49132994061.4953,"ok",6490.712
"bp7x_0078__LA_D2_HC_TOP1_N500__auto__ps_lps__orthogonal_drop_adaptive_tiny","FB07","LA-D2-HC-TOP1-N500","VALENCIA depth-2 hypercube",500,42,"ps_lps","auto","orthogonal_drop_adaptive_tiny","orthogonal.polynomial.drop",1e-08,"0;1e-10;1e-8",1e+12,"15:35","2","tricube","guarded","ok",0.0539478995143922,0.100769398053083,0.149468682388948,20,2,"tricube",90,7,8,500,3,3,3,1,Inf,NA,-Inf,Inf,NA,-Inf,0,4803508441.92786,"ok",2874.378
"bp7x_0079__LA_D2_HC_TOP1_N500__local_auto__lps__monomial_tiny_ridge","FB07","LA-D2-HC-TOP1-N500","VALENCIA depth-2 hypercube",500,42,"lps","local.auto","monomial_tiny_ridge","monomial",1e-08,"1e-8",Inf,"15:35","2","tricube",NA,"nonfinite_fit",NA,NA,NA,15,2,"tricube",NA,0,21,500,1,3,3,3,NA,NA,NA,NA,NA,NA,NA,Inf,NA,39.886
"bp7x_0080__LA_D2_HC_TOP1_N500__local_auto__lps__weighted_qr_drop_tiny","FB07","LA-D2-HC-TOP1-N500","VALENCIA depth-2 hypercube",500,42,"lps","local.auto","weighted_qr_drop_tiny","weighted.qr.drop",1e-08,"0;1e-10;1e-8",1e+12,"15:35","2","tricube",NA,"nonfinite_fit",NA,NA,NA,15,2,"tricube",NA,0,21,500,1,3,3,3,NA,NA,NA,NA,NA,NA,NA,1e+12,NA,42.761
"bp7x_0081__LA_D2_HC_TOP1_N500__local_auto__lps__orthogonal_drop_adaptive_tiny","FB07","LA-D2-HC-TOP1-N500","VALENCIA depth-2 hypercube",500,42,"lps","local.auto","orthogonal_drop_adaptive_tiny","orthogonal.polynomial.drop",1e-08,"0;1e-10;1e-8",1e+12,"15:35","2","tricube",NA,"ok",0.079724812492893,0.069775603383995,25.5131938732524,35,2,"tricube",NA,21,21,500,1,3,6,6,NA,NA,NA,NA,NA,NA,NA,1e+12,NA,45.12
"bp7x_0082__LA_D2_HC_TOP1_N500__local_auto__ps_lps__monomial_tiny_ridge","FB07","LA-D2-HC-TOP1-N500","VALENCIA depth-2 hypercube",500,42,"ps_lps","local.auto","monomial_tiny_ridge","monomial",1e-08,"1e-8",Inf,"15:35","2","tricube","guarded","ok",0.0643293494792821,0.113377268076879,0.127367161597418,33,2,"tricube",1,5,6,500,1,3,6,6,Inf,NA,-Inf,Inf,NA,-Inf,1e-08,NA,"unguarded",350.157
"bp7x_0083__LA_D2_HC_TOP1_N500__local_auto__ps_lps__weighted_qr_drop_tiny","FB07","LA-D2-HC-TOP1-N500","VALENCIA depth-2 hypercube",500,42,"ps_lps","local.auto","weighted_qr_drop_tiny","weighted.qr.drop",1e-08,"0;1e-10;1e-8",1e+12,"15:35","2","tricube","guarded","ok",0.0879965222349475,0.129360041397847,0.141660347902002,33,2,"tricube",10,6,7,500,1,3,6,6,Inf,NA,-Inf,Inf,NA,-Inf,1e-10,44028869609.7752,"ok",6181.995
"bp7x_0084__LA_D2_HC_TOP1_N500__local_auto__ps_lps__orthogonal_drop_adaptive_tiny","FB07","LA-D2-HC-TOP1-N500","VALENCIA depth-2 hypercube",500,42,"ps_lps","local.auto","orthogonal_drop_adaptive_tiny","orthogonal.polynomial.drop",1e-08,"0;1e-10;1e-8",1e+12,"15:35","2","tricube","guarded","ok",0.0985337937095151,0.135071519120431,0.182025648723644,15,2,"tricube",90,7,8,500,1,3,3,3,Inf,NA,-Inf,Inf,NA,-Inf,0,252019490.913408,"ok",1353.353
"bp7x_0085__LA_D3_RAW_N500__auto__lps__monomial_tiny_ridge","FB08","LA-D3-RAW-N500","VALENCIA depth3 dCST",500,77,"lps","auto","monomial_tiny_ridge","monomial",1e-08,"1e-8",Inf,"15:35","2","tricube",NA,"nonfinite_fit",NA,NA,2.03693105042315,35,2,"tricube",NA,3,21,1,4,4,4,1,NA,NA,NA,NA,NA,NA,NA,Inf,NA,29.612
"bp7x_0086__LA_D3_RAW_N500__auto__lps__weighted_qr_drop_tiny","FB08","LA-D3-RAW-N500","VALENCIA depth3 dCST",500,77,"lps","auto","weighted_qr_drop_tiny","weighted.qr.drop",1e-08,"0;1e-10;1e-8",1e+12,"15:35","2","tricube",NA,"nonfinite_fit",NA,NA,NA,15,2,"tricube",NA,0,21,1,3,3,3,1,NA,NA,NA,NA,NA,NA,NA,1e+12,NA,30.126
"bp7x_0087__LA_D3_RAW_N500__auto__lps__orthogonal_drop_adaptive_tiny","FB08","LA-D3-RAW-N500","VALENCIA depth3 dCST",500,77,"lps","auto","orthogonal_drop_adaptive_tiny","orthogonal.polynomial.drop",1e-08,"0;1e-10;1e-8",1e+12,"15:35","2","tricube",NA,"ok",0.0993209692724825,0.0148738984457627,49.5895199710705,16,2,"tricube",NA,21,21,1,4,4,4,1,NA,NA,NA,NA,NA,NA,NA,1e+12,NA,30.201
"bp7x_0088__LA_D3_RAW_N500__auto__ps_lps__monomial_tiny_ridge","FB08","LA-D3-RAW-N500","VALENCIA depth3 dCST",500,77,"ps_lps","auto","monomial_tiny_ridge","monomial",1e-08,"1e-8",Inf,"15:35","2","tricube","guarded","ok",0.0333125972480612,0.0995718439384657,0.147974984917135,17,2,"tricube",90,7,8,500,4,4,4,1,Inf,NA,-Inf,Inf,NA,-Inf,1e-08,NA,"unguarded",438.367
"bp7x_0089__LA_D3_RAW_N500__auto__ps_lps__weighted_qr_drop_tiny","FB08","LA-D3-RAW-N500","VALENCIA depth3 dCST",500,77,"ps_lps","auto","weighted_qr_drop_tiny","weighted.qr.drop",1e-08,"0;1e-10;1e-8",1e+12,"15:35","2","tricube","guarded","ok",0.028223493140445,0.0965334871111174,0.158162194490278,28,2,"tricube",90,7,8,500,4,4,4,1,Inf,NA,-Inf,Inf,NA,-Inf,1e-10,72761521244.0566,"ok",11928.01
"bp7x_0090__LA_D3_RAW_N500__auto__ps_lps__orthogonal_drop_adaptive_tiny","FB08","LA-D3-RAW-N500","VALENCIA depth3 dCST",500,77,"ps_lps","auto","orthogonal_drop_adaptive_tiny","orthogonal.polynomial.drop",1e-08,"0;1e-10;1e-8",1e+12,"15:35","2","tricube","guarded","ok",0.04016500277872,0.0886801497596503,0.124892115980639,35,2,"tricube",30,8,8,500,4,4,4,1,Inf,NA,-Inf,Inf,NA,-Inf,0,2564081337.96683,"ok",8114.66
"bp7x_0091__LA_D3_RAW_N500__local_auto__lps__monomial_tiny_ridge","FB08","LA-D3-RAW-N500","VALENCIA depth3 dCST",500,77,"lps","local.auto","monomial_tiny_ridge","monomial",1e-08,"1e-8",Inf,"15:35","2","tricube",NA,"nonfinite_fit",NA,NA,NA,15,2,"tricube",NA,0,21,500,1,3,3,3,NA,NA,NA,NA,NA,NA,NA,Inf,NA,47.71
"bp7x_0092__LA_D3_RAW_N500__local_auto__lps__weighted_qr_drop_tiny","FB08","LA-D3-RAW-N500","VALENCIA depth3 dCST",500,77,"lps","local.auto","weighted_qr_drop_tiny","weighted.qr.drop",1e-08,"0;1e-10;1e-8",1e+12,"15:35","2","tricube",NA,"nonfinite_fit",NA,NA,NA,15,2,"tricube",NA,0,21,500,1,3,3,3,NA,NA,NA,NA,NA,NA,NA,1e+12,NA,47.943
"bp7x_0093__LA_D3_RAW_N500__local_auto__lps__orthogonal_drop_adaptive_tiny","FB08","LA-D3-RAW-N500","VALENCIA depth3 dCST",500,77,"lps","local.auto","orthogonal_drop_adaptive_tiny","orthogonal.polynomial.drop",1e-08,"0;1e-10;1e-8",1e+12,"15:35","2","tricube",NA,"ok",0.0862454532576217,0.0465314138254077,5.899456121089,33,2,"tricube",NA,21,21,500,1,4,6,6,NA,NA,NA,NA,NA,NA,NA,1e+12,NA,49.711
"bp7x_0094__LA_D3_RAW_N500__local_auto__ps_lps__monomial_tiny_ridge","FB08","LA-D3-RAW-N500","VALENCIA depth3 dCST",500,77,"ps_lps","local.auto","monomial_tiny_ridge","monomial",1e-08,"1e-8",Inf,"15:35","2","tricube","guarded","ok",0.0724075617313877,0.115591744479254,0.146051385756595,16,2,"tricube",30,7,8,500,1,4,4,4,Inf,NA,-Inf,Inf,NA,-Inf,1e-08,NA,"unguarded",520.722
"bp7x_0095__LA_D3_RAW_N500__local_auto__ps_lps__weighted_qr_drop_tiny","FB08","LA-D3-RAW-N500","VALENCIA depth3 dCST",500,77,"ps_lps","local.auto","weighted_qr_drop_tiny","weighted.qr.drop",1e-08,"0;1e-10;1e-8",1e+12,"15:35","2","tricube","guarded","ok",0.0917604762871931,0.129642894653724,0.151285054046597,25,2,"tricube",30,7,8,500,1,4,5,5,Inf,NA,-Inf,Inf,NA,-Inf,1e-10,38704720558.6828,"ok",10512.189
"bp7x_0096__LA_D3_RAW_N500__local_auto__ps_lps__orthogonal_drop_adaptive_tiny","FB08","LA-D3-RAW-N500","VALENCIA depth3 dCST",500,77,"ps_lps","local.auto","orthogonal_drop_adaptive_tiny","orthogonal.polynomial.drop",1e-08,"0;1e-10;1e-8",1e+12,"15:35","2","tricube","guarded","ok",0.0948251316130444,0.130269388411391,0.154413807199944,34,2,"tricube",30,7,8,500,1,4,6,6,Inf,NA,-Inf,Inf,NA,-Inf,0,6170011.81050971,"ok",5113.528
"bp7x_0097__LA_13K_SUB_N500__auto__lps__monomial_tiny_ridge","FB09","LA-13K-SUB-N500","VALENCIA full phylotype matrix",500,178,"lps","auto","monomial_tiny_ridge","monomial",1e-08,"1e-8",Inf,"15:35","2","tricube",NA,"ok",0.0982276697817199,0.0154669298504283,4.26325904293667,35,2,"tricube",NA,21,21,1,6,6,6,1,NA,NA,NA,NA,NA,NA,NA,Inf,NA,65.346
"bp7x_0098__LA_13K_SUB_N500__auto__lps__weighted_qr_drop_tiny","FB09","LA-13K-SUB-N500","VALENCIA full phylotype matrix",500,178,"lps","auto","weighted_qr_drop_tiny","weighted.qr.drop",1e-08,"0;1e-10;1e-8",1e+12,"15:35","2","tricube",NA,"nonfinite_fit",NA,NA,NA,15,2,"tricube",NA,0,21,1,3,3,3,1,NA,NA,NA,NA,NA,NA,NA,1e+12,NA,50.459
"bp7x_0099__LA_13K_SUB_N500__auto__lps__orthogonal_drop_adaptive_tiny","FB09","LA-13K-SUB-N500","VALENCIA full phylotype matrix",500,178,"lps","auto","orthogonal_drop_adaptive_tiny","orthogonal.polynomial.drop",1e-08,"0;1e-10;1e-8",1e+12,"15:35","2","tricube",NA,"ok",0.0977306915788414,0.0176346536625796,15.5018320926422,15,2,"tricube",NA,21,21,1,3,3,3,1,NA,NA,NA,NA,NA,NA,NA,1e+12,NA,51.587
"bp7x_0100__LA_13K_SUB_N500__auto__ps_lps__monomial_tiny_ridge","FB09","LA-13K-SUB-N500","VALENCIA full phylotype matrix",500,178,"ps_lps","auto","monomial_tiny_ridge","monomial",1e-08,"1e-8",Inf,"15:35","2","tricube","guarded","ok",0.034326533009444,0.0921867145824358,0.10962069553411,26,2,"tricube",90,7,8,500,5,5,5,1,Inf,NA,-Inf,Inf,NA,-Inf,1e-08,NA,"unguarded",1124.551
"bp7x_0103__LA_13K_SUB_N500__local_auto__lps__monomial_tiny_ridge","FB09","LA-13K-SUB-N500","VALENCIA full phylotype matrix",500,178,"lps","local.auto","monomial_tiny_ridge","monomial",1e-08,"1e-8",Inf,"15:35","2","tricube",NA,"ok",0.0994781421443479,0.0135512070958074,4.25856046855118,16,2,"tricube",NA,21,21,500,1,4,4,4,NA,NA,NA,NA,NA,NA,NA,Inf,NA,76.928
"bp7x_0104__LA_13K_SUB_N500__local_auto__lps__weighted_qr_drop_tiny","FB09","LA-13K-SUB-N500","VALENCIA full phylotype matrix",500,178,"lps","local.auto","weighted_qr_drop_tiny","weighted.qr.drop",1e-08,"0;1e-10;1e-8",1e+12,"15:35","2","tricube",NA,"nonfinite_fit",NA,NA,NA,15,2,"tricube",NA,0,21,500,1,3,3,3,NA,NA,NA,NA,NA,NA,NA,1e+12,NA,75.94
"bp7x_0105__LA_13K_SUB_N500__local_auto__lps__orthogonal_drop_adaptive_tiny","FB09","LA-13K-SUB-N500","VALENCIA full phylotype matrix",500,178,"lps","local.auto","orthogonal_drop_adaptive_tiny","orthogonal.polynomial.drop",1e-08,"0;1e-10;1e-8",1e+12,"15:35","2","tricube",NA,"ok",0.096881526683781,0.0210155265755507,10.6510317398279,15,2,"tricube",NA,21,21,500,1,3,3,3,NA,NA,NA,NA,NA,NA,NA,1e+12,NA,76.119
"bp7x_0106__LA_13K_SUB_N500__local_auto__ps_lps__monomial_tiny_ridge","FB09","LA-13K-SUB-N500","VALENCIA full phylotype matrix",500,178,"ps_lps","local.auto","monomial_tiny_ridge","monomial",1e-08,"1e-8",Inf,"15:35","2","tricube","guarded","ok",0.0457717214971214,0.0979969881353404,0.114863195163617,29,2,"tricube",30,7,8,500,1,6,6,6,Inf,NA,-Inf,Inf,NA,-Inf,1e-08,NA,"unguarded",1014.208
"bp7x_0109__SYN_PARA_LINE_N500__auto__lps__monomial_tiny_ridge","FB10","SYN-PARA-LINE-N500","synthetic stratified surface/curve",500,3,"lps","auto","monomial_tiny_ridge","monomial",1e-08,"1e-8",Inf,"15:35","2","tricube",NA,"ok",0.0391860260860992,0.0900433098370774,0.11431119385679,35,2,"tricube",NA,21,21,1,2,2,2,1,NA,NA,NA,NA,NA,NA,NA,Inf,NA,84.432
"bp7x_0110__SYN_PARA_LINE_N500__auto__lps__weighted_qr_drop_tiny","FB10","SYN-PARA-LINE-N500","synthetic stratified surface/curve",500,3,"lps","auto","weighted_qr_drop_tiny","weighted.qr.drop",1e-08,"0;1e-10;1e-8",1e+12,"15:35","2","tricube",NA,"ok",0.0391860340470071,0.0900433085484217,0.114311206043383,35,2,"tricube",NA,21,21,1,2,2,2,1,NA,NA,NA,NA,NA,NA,NA,1e+12,NA,12.042
"bp7x_0111__SYN_PARA_LINE_N500__auto__lps__orthogonal_drop_adaptive_tiny","FB10","SYN-PARA-LINE-N500","synthetic stratified surface/curve",500,3,"lps","auto","orthogonal_drop_adaptive_tiny","orthogonal.polynomial.drop",1e-08,"0;1e-10;1e-8",1e+12,"15:35","2","tricube",NA,"ok",0.0391860341192971,0.0900433085458466,0.114311205816467,35,2,"tricube",NA,21,21,1,2,2,2,1,NA,NA,NA,NA,NA,NA,NA,1e+12,NA,10.919
"bp7x_0112__SYN_PARA_LINE_N500__auto__ps_lps__monomial_tiny_ridge","FB10","SYN-PARA-LINE-N500","synthetic stratified surface/curve",500,3,"ps_lps","auto","monomial_tiny_ridge","monomial",1e-08,"1e-8",Inf,"15:35","2","tricube","guarded","ok",0.0241503096099699,0.0982350316509802,0.104381936016614,30,2,"tricube",30,8,8,500,2,2,2,1,Inf,NA,-Inf,Inf,NA,-Inf,1e-08,NA,"unguarded",86.663
"bp7x_0113__SYN_PARA_LINE_N500__auto__ps_lps__weighted_qr_drop_tiny","FB10","SYN-PARA-LINE-N500","synthetic stratified surface/curve",500,3,"ps_lps","auto","weighted_qr_drop_tiny","weighted.qr.drop",1e-08,"0;1e-10;1e-8",1e+12,"15:35","2","tricube","guarded","ok",0.0236878562836863,0.0978164770223397,0.104369356606476,27,2,"tricube",30,8,8,500,2,2,2,1,Inf,NA,-Inf,Inf,NA,-Inf,1e-10,29996054376.4085,"ok",1255.286
"bp7x_0114__SYN_PARA_LINE_N500__auto__ps_lps__orthogonal_drop_adaptive_tiny","FB10","SYN-PARA-LINE-N500","synthetic stratified surface/curve",500,3,"ps_lps","auto","orthogonal_drop_adaptive_tiny","orthogonal.polynomial.drop",1e-08,"0;1e-10;1e-8",1e+12,"15:35","2","tricube","guarded","ok",0.0236899409101637,0.0978142669212266,0.1043676691458,27,2,"tricube",30,8,8,500,2,2,2,1,Inf,NA,-Inf,Inf,NA,-Inf,0,20427.7657599978,"ok",610.597
"bp7x_0115__SYN_PARA_LINE_N500__local_auto__lps__monomial_tiny_ridge","FB10","SYN-PARA-LINE-N500","synthetic stratified surface/curve",500,3,"lps","local.auto","monomial_tiny_ridge","monomial",1e-08,"1e-8",Inf,"15:35","2","tricube",NA,"ok",0.0401163991067338,0.0895193090963524,0.114256057852265,35,2,"tricube",NA,21,21,500,1,2,3,3,NA,NA,NA,NA,NA,NA,NA,Inf,NA,25.254
"bp7x_0116__SYN_PARA_LINE_N500__local_auto__lps__weighted_qr_drop_tiny","FB10","SYN-PARA-LINE-N500","synthetic stratified surface/curve",500,3,"lps","local.auto","weighted_qr_drop_tiny","weighted.qr.drop",1e-08,"0;1e-10;1e-8",1e+12,"15:35","2","tricube",NA,"ok",0.0401188568752331,0.0895190896012289,0.114253287962036,35,2,"tricube",NA,21,21,500,1,2,3,3,NA,NA,NA,NA,NA,NA,NA,1e+12,NA,24.616
"bp7x_0117__SYN_PARA_LINE_N500__local_auto__lps__orthogonal_drop_adaptive_tiny","FB10","SYN-PARA-LINE-N500","synthetic stratified surface/curve",500,3,"lps","local.auto","orthogonal_drop_adaptive_tiny","orthogonal.polynomial.drop",1e-08,"0;1e-10;1e-8",1e+12,"15:35","2","tricube",NA,"ok",0.0401188558925246,0.0895190886161987,0.114253287814512,35,2,"tricube",NA,21,21,500,1,2,3,3,NA,NA,NA,NA,NA,NA,NA,1e+12,NA,70.428
"bp7x_0118__SYN_PARA_LINE_N500__local_auto__ps_lps__monomial_tiny_ridge","FB10","SYN-PARA-LINE-N500","synthetic stratified surface/curve",500,3,"ps_lps","local.auto","monomial_tiny_ridge","monomial",1e-08,"1e-8",Inf,"15:35","2","tricube","guarded","ok",0.0245011657080166,0.09832195560559,0.104145718034667,23,2,"tricube",90,8,8,500,1,2,3,3,Inf,NA,-Inf,Inf,NA,-Inf,1e-08,NA,"unguarded",142.944
"bp7x_0119__SYN_PARA_LINE_N500__local_auto__ps_lps__weighted_qr_drop_tiny","FB10","SYN-PARA-LINE-N500","synthetic stratified surface/curve",500,3,"ps_lps","local.auto","weighted_qr_drop_tiny","weighted.qr.drop",1e-08,"0;1e-10;1e-8",1e+12,"15:35","2","tricube","guarded","ok",0.0247183224018405,0.0982907778763834,0.104170016642182,23,2,"tricube",90,8,8,500,1,2,3,3,Inf,NA,-Inf,Inf,NA,-Inf,1e-10,36235070114.5233,"ok",1208.472
"bp7x_0120__SYN_PARA_LINE_N500__local_auto__ps_lps__orthogonal_drop_adaptive_tiny","FB10","SYN-PARA-LINE-N500","synthetic stratified surface/curve",500,3,"ps_lps","local.auto","orthogonal_drop_adaptive_tiny","orthogonal.polynomial.drop",1e-08,"0;1e-10;1e-8",1e+12,"15:35","2","tricube","guarded","ok",0.0247265416892761,0.0982888464382256,0.104171229042016,23,2,"tricube",90,8,8,500,1,2,3,3,Inf,NA,-Inf,Inf,NA,-Inf,0,102598.599325882,"ok",661.919
"bp7x_0121__SYN_SADDLE_LINE_N500__auto__lps__monomial_tiny_ridge","FB11","SYN-SADDLE-LINE-N500","synthetic stratified surface/curve",500,3,"lps","auto","monomial_tiny_ridge","monomial",1e-08,"1e-8",Inf,"15:35","2","tricube",NA,"ok",0.0444593034824864,0.0876183965206569,0.109617299298566,35,2,"tricube",NA,21,21,1,2,2,2,1,NA,NA,NA,NA,NA,NA,NA,Inf,NA,10.005
"bp7x_0122__SYN_SADDLE_LINE_N500__auto__lps__weighted_qr_drop_tiny","FB11","SYN-SADDLE-LINE-N500","synthetic stratified surface/curve",500,3,"lps","auto","weighted_qr_drop_tiny","weighted.qr.drop",1e-08,"0;1e-10;1e-8",1e+12,"15:35","2","tricube",NA,"ok",0.0444593196301528,0.0876183925270395,0.10961730913337,35,2,"tricube",NA,21,21,1,2,2,2,1,NA,NA,NA,NA,NA,NA,NA,1e+12,NA,10.508
"bp7x_0123__SYN_SADDLE_LINE_N500__auto__lps__orthogonal_drop_adaptive_tiny","FB11","SYN-SADDLE-LINE-N500","synthetic stratified surface/curve",500,3,"lps","auto","orthogonal_drop_adaptive_tiny","orthogonal.polynomial.drop",1e-08,"0;1e-10;1e-8",1e+12,"15:35","2","tricube",NA,"ok",0.0444593196301528,0.0876183925270395,0.10961730913337,35,2,"tricube",NA,21,21,1,2,2,2,1,NA,NA,NA,NA,NA,NA,NA,1e+12,NA,10.623
"bp7x_0124__SYN_SADDLE_LINE_N500__auto__ps_lps__monomial_tiny_ridge","FB11","SYN-SADDLE-LINE-N500","synthetic stratified surface/curve",500,3,"ps_lps","auto","monomial_tiny_ridge","monomial",1e-08,"1e-8",Inf,"15:35","2","tricube","guarded","ok",0.0255923923865151,0.096252131596607,0.10305119711446,30,2,"tricube",10,8,8,500,2,2,2,1,Inf,NA,-Inf,Inf,NA,-Inf,1e-08,NA,"unguarded",85.645
"bp7x_0125__SYN_SADDLE_LINE_N500__auto__ps_lps__weighted_qr_drop_tiny","FB11","SYN-SADDLE-LINE-N500","synthetic stratified surface/curve",500,3,"ps_lps","auto","weighted_qr_drop_tiny","weighted.qr.drop",1e-08,"0;1e-10;1e-8",1e+12,"15:35","2","tricube","guarded","ok",0.0251658418238465,0.0966557702258656,0.103065683386975,32,2,"tricube",10,8,8,500,2,2,2,1,Inf,NA,-Inf,Inf,NA,-Inf,0,190818601.234091,"ok",874.907
"bp7x_0126__SYN_SADDLE_LINE_N500__auto__ps_lps__orthogonal_drop_adaptive_tiny","FB11","SYN-SADDLE-LINE-N500","synthetic stratified surface/curve",500,3,"ps_lps","auto","orthogonal_drop_adaptive_tiny","orthogonal.polynomial.drop",1e-08,"0;1e-10;1e-8",1e+12,"15:35","2","tricube","guarded","ok",0.0251658418238436,0.0966557702258657,0.103065683386974,32,2,"tricube",10,8,8,500,2,2,2,1,Inf,NA,-Inf,Inf,NA,-Inf,0,6269.71661253817,"ok",603.67
"bp7x_0127__SYN_SADDLE_LINE_N500__local_auto__lps__monomial_tiny_ridge","FB11","SYN-SADDLE-LINE-N500","synthetic stratified surface/curve",500,3,"lps","local.auto","monomial_tiny_ridge","monomial",1e-08,"1e-8",Inf,"15:35","2","tricube",NA,"ok",0.0444593034824864,0.0876183965206569,0.109617299298566,35,2,"tricube",NA,21,21,500,2,2,2,1,NA,NA,NA,NA,NA,NA,NA,Inf,NA,24.876
"bp7x_0128__SYN_SADDLE_LINE_N500__local_auto__lps__weighted_qr_drop_tiny","FB11","SYN-SADDLE-LINE-N500","synthetic stratified surface/curve",500,3,"lps","local.auto","weighted_qr_drop_tiny","weighted.qr.drop",1e-08,"0;1e-10;1e-8",1e+12,"15:35","2","tricube",NA,"ok",0.0444593196301528,0.0876183925270395,0.10961730913337,35,2,"tricube",NA,21,21,500,2,2,2,1,NA,NA,NA,NA,NA,NA,NA,1e+12,NA,26.036
"bp7x_0129__SYN_SADDLE_LINE_N500__local_auto__lps__orthogonal_drop_adaptive_tiny","FB11","SYN-SADDLE-LINE-N500","synthetic stratified surface/curve",500,3,"lps","local.auto","orthogonal_drop_adaptive_tiny","orthogonal.polynomial.drop",1e-08,"0;1e-10;1e-8",1e+12,"15:35","2","tricube",NA,"ok",0.0444593196301528,0.0876183925270395,0.10961730913337,35,2,"tricube",NA,21,21,500,2,2,2,1,NA,NA,NA,NA,NA,NA,NA,1e+12,NA,24.694
"bp7x_0130__SYN_SADDLE_LINE_N500__local_auto__ps_lps__monomial_tiny_ridge","FB11","SYN-SADDLE-LINE-N500","synthetic stratified surface/curve",500,3,"ps_lps","local.auto","monomial_tiny_ridge","monomial",1e-08,"1e-8",Inf,"15:35","2","tricube","guarded","ok",0.0251125119587745,0.0966513978740417,0.103025106267818,32,2,"tricube",10,8,8,500,1,2,2,2,Inf,NA,-Inf,Inf,NA,-Inf,1e-08,NA,"unguarded",101.692
"bp7x_0131__SYN_SADDLE_LINE_N500__local_auto__ps_lps__weighted_qr_drop_tiny","FB11","SYN-SADDLE-LINE-N500","synthetic stratified surface/curve",500,3,"ps_lps","local.auto","weighted_qr_drop_tiny","weighted.qr.drop",1e-08,"0;1e-10;1e-8",1e+12,"15:35","2","tricube","guarded","ok",0.0251297564861169,0.0966424171568362,0.103034884585439,32,2,"tricube",10,8,8,500,1,2,2,2,Inf,NA,-Inf,Inf,NA,-Inf,0,190801221.476744,"ok",885.748
"bp7x_0132__SYN_SADDLE_LINE_N500__local_auto__ps_lps__orthogonal_drop_adaptive_tiny","FB11","SYN-SADDLE-LINE-N500","synthetic stratified surface/curve",500,3,"ps_lps","local.auto","orthogonal_drop_adaptive_tiny","orthogonal.polynomial.drop",1e-08,"0;1e-10;1e-8",1e+12,"15:35","2","tricube","guarded","ok",0.0251297564861142,0.096642417156836,0.103034884585438,32,2,"tricube",10,8,8,500,1,2,2,2,Inf,NA,-Inf,Inf,NA,-Inf,0,6266.80151432408,"ok",621.909
"bp7x_0133__SYN_TWO_PLANES_N600__auto__lps__monomial_tiny_ridge","FB12","SYN-TWO-PLANES-N600","synthetic singular sheet union",600,3,"lps","auto","monomial_tiny_ridge","monomial",1e-08,"1e-8",Inf,"15:35","2","tricube",NA,"ok",0.0446944914399938,0.0845100139249513,0.113757900031864,35,2,"tricube",NA,21,21,1,2,2,2,1,NA,NA,NA,NA,NA,NA,NA,Inf,NA,11.756
"bp7x_0134__SYN_TWO_PLANES_N600__auto__lps__weighted_qr_drop_tiny","FB12","SYN-TWO-PLANES-N600","synthetic singular sheet union",600,3,"lps","auto","weighted_qr_drop_tiny","weighted.qr.drop",1e-08,"0;1e-10;1e-8",1e+12,"15:35","2","tricube",NA,"ok",0.0446944986507133,0.0845100116149119,0.113757908460604,35,2,"tricube",NA,21,21,1,2,2,2,1,NA,NA,NA,NA,NA,NA,NA,1e+12,NA,12.428
"bp7x_0135__SYN_TWO_PLANES_N600__auto__lps__orthogonal_drop_adaptive_tiny","FB12","SYN-TWO-PLANES-N600","synthetic singular sheet union",600,3,"lps","auto","orthogonal_drop_adaptive_tiny","orthogonal.polynomial.drop",1e-08,"0;1e-10;1e-8",1e+12,"15:35","2","tricube",NA,"ok",0.0446944986507133,0.0845100116149118,0.113757908460604,35,2,"tricube",NA,21,21,1,2,2,2,1,NA,NA,NA,NA,NA,NA,NA,1e+12,NA,12.038
"bp7x_0136__SYN_TWO_PLANES_N600__auto__ps_lps__monomial_tiny_ridge","FB12","SYN-TWO-PLANES-N600","synthetic singular sheet union",600,3,"ps_lps","auto","monomial_tiny_ridge","monomial",1e-08,"1e-8",Inf,"15:35","2","tricube","guarded","ok",0.0267391025253933,0.0964986399659541,0.105165651605777,33,2,"tricube",10,8,8,600,2,2,2,1,Inf,NA,-Inf,Inf,NA,-Inf,1e-08,NA,"unguarded",103.336
"bp7x_0137__SYN_TWO_PLANES_N600__auto__ps_lps__weighted_qr_drop_tiny","FB12","SYN-TWO-PLANES-N600","synthetic singular sheet union",600,3,"ps_lps","auto","weighted_qr_drop_tiny","weighted.qr.drop",1e-08,"0;1e-10;1e-8",1e+12,"15:35","2","tricube","guarded","ok",0.0267464917430136,0.0964964510452565,0.10517445746703,33,2,"tricube",10,8,8,600,2,2,2,1,Inf,NA,-Inf,Inf,NA,-Inf,0,20486116.3148809,"ok",973.169
"bp7x_0138__SYN_TWO_PLANES_N600__auto__ps_lps__orthogonal_drop_adaptive_tiny","FB12","SYN-TWO-PLANES-N600","synthetic singular sheet union",600,3,"ps_lps","auto","orthogonal_drop_adaptive_tiny","orthogonal.polynomial.drop",1e-08,"0;1e-10;1e-8",1e+12,"15:35","2","tricube","guarded","ok",0.0267464917430133,0.0964964510452566,0.105174457467029,33,2,"tricube",10,8,8,600,2,2,2,1,Inf,NA,-Inf,Inf,NA,-Inf,0,3138.05467476101,"ok",931.995
"bp7x_0139__SYN_TWO_PLANES_N600__local_auto__lps__monomial_tiny_ridge","FB12","SYN-TWO-PLANES-N600","synthetic singular sheet union",600,3,"lps","local.auto","monomial_tiny_ridge","monomial",1e-08,"1e-8",Inf,"15:35","2","tricube",NA,"ok",0.045587888907701,0.0839405806167295,0.114492971288167,35,2,"tricube",NA,21,21,600,2,2,3,2,NA,NA,NA,NA,NA,NA,NA,Inf,NA,28.58
"bp7x_0140__SYN_TWO_PLANES_N600__local_auto__lps__weighted_qr_drop_tiny","FB12","SYN-TWO-PLANES-N600","synthetic singular sheet union",600,3,"lps","local.auto","weighted_qr_drop_tiny","weighted.qr.drop",1e-08,"0;1e-10;1e-8",1e+12,"15:35","2","tricube",NA,"ok",0.0455878932139673,0.0839405791039501,0.11449297441676,35,2,"tricube",NA,21,21,600,2,2,3,2,NA,NA,NA,NA,NA,NA,NA,1e+12,NA,29.785
"bp7x_0141__SYN_TWO_PLANES_N600__local_auto__lps__orthogonal_drop_adaptive_tiny","FB12","SYN-TWO-PLANES-N600","synthetic singular sheet union",600,3,"lps","local.auto","orthogonal_drop_adaptive_tiny","orthogonal.polynomial.drop",1e-08,"0;1e-10;1e-8",1e+12,"15:35","2","tricube",NA,"ok",0.0455878984780515,0.0839405790579066,0.114492979684916,35,2,"tricube",NA,21,21,600,2,2,3,2,NA,NA,NA,NA,NA,NA,NA,1e+12,NA,31.842
"bp7x_0142__SYN_TWO_PLANES_N600__local_auto__ps_lps__monomial_tiny_ridge","FB12","SYN-TWO-PLANES-N600","synthetic singular sheet union",600,3,"ps_lps","local.auto","monomial_tiny_ridge","monomial",1e-08,"1e-8",Inf,"15:35","2","tricube","guarded","ok",0.025410228809614,0.0975106404779627,0.104067179413316,35,2,"tricube",30,8,8,600,2,2,3,2,Inf,NA,-Inf,Inf,NA,-Inf,1e-08,NA,"unguarded",142.906
"bp7x_0143__SYN_TWO_PLANES_N600__local_auto__ps_lps__weighted_qr_drop_tiny","FB12","SYN-TWO-PLANES-N600","synthetic singular sheet union",600,3,"ps_lps","local.auto","weighted_qr_drop_tiny","weighted.qr.drop",1e-08,"0;1e-10;1e-8",1e+12,"15:35","2","tricube","guarded","ok",0.0254206540184962,0.0975053104969719,0.104078581980705,35,2,"tricube",30,8,8,600,2,2,3,2,Inf,NA,-Inf,Inf,NA,-Inf,1e-10,39767037159.4476,"ok",2632.126
"bp7x_0144__SYN_TWO_PLANES_N600__local_auto__ps_lps__orthogonal_drop_adaptive_tiny","FB12","SYN-TWO-PLANES-N600","synthetic singular sheet union",600,3,"ps_lps","local.auto","orthogonal_drop_adaptive_tiny","orthogonal.polynomial.drop",1e-08,"0;1e-10;1e-8",1e+12,"15:35","2","tricube","guarded","ok",0.0254207655002887,0.0975052528505541,0.104078699692033,35,2,"tricube",30,8,8,600,2,2,3,2,Inf,NA,-Inf,Inf,NA,-Inf,0,13075.830714406,"ok",1325.784
"bp7x_0145__SYN_SIMPLEX_FACES_N600__auto__lps__monomial_tiny_ridge","FB13","SYN-SIMPLEX-FACES-N600","synthetic compositional strata",600,5,"lps","auto","monomial_tiny_ridge","monomial",1e-08,"1e-8",Inf,"15:35","2","tricube",NA,"nonfinite_fit",NA,NA,NA,15,2,"tricube",NA,0,21,1,3,3,3,1,NA,NA,NA,NA,NA,NA,NA,Inf,NA,13.092
"bp7x_0146__SYN_SIMPLEX_FACES_N600__auto__lps__weighted_qr_drop_tiny","FB13","SYN-SIMPLEX-FACES-N600","synthetic compositional strata",600,5,"lps","auto","weighted_qr_drop_tiny","weighted.qr.drop",1e-08,"0;1e-10;1e-8",1e+12,"15:35","2","tricube",NA,"nonfinite_fit",NA,NA,NA,15,2,"tricube",NA,0,21,1,3,3,3,1,NA,NA,NA,NA,NA,NA,NA,1e+12,NA,14.006
"bp7x_0147__SYN_SIMPLEX_FACES_N600__auto__lps__orthogonal_drop_adaptive_tiny","FB13","SYN-SIMPLEX-FACES-N600","synthetic compositional strata",600,5,"lps","auto","orthogonal_drop_adaptive_tiny","orthogonal.polynomial.drop",1e-08,"0;1e-10;1e-8",1e+12,"15:35","2","tricube",NA,"ok",0.0719531587335521,0.0653598740999215,2.28727523197686,35,2,"tricube",NA,21,21,1,3,3,3,1,NA,NA,NA,NA,NA,NA,NA,1e+12,NA,15.743
"bp7x_0148__SYN_SIMPLEX_FACES_N600__auto__ps_lps__monomial_tiny_ridge","FB13","SYN-SIMPLEX-FACES-N600","synthetic compositional strata",600,5,"ps_lps","auto","monomial_tiny_ridge","monomial",1e-08,"1e-8",Inf,"15:35","2","tricube","guarded","ok",0.0249930989036934,0.0942775985517644,0.101979287947919,27,2,"tricube",10,7,8,600,3,3,3,1,Inf,NA,-Inf,Inf,NA,-Inf,1e-08,NA,"unguarded",221.419
"bp7x_0149__SYN_SIMPLEX_FACES_N600__auto__ps_lps__weighted_qr_drop_tiny","FB13","SYN-SIMPLEX-FACES-N600","synthetic compositional strata",600,5,"ps_lps","auto","weighted_qr_drop_tiny","weighted.qr.drop",1e-08,"0;1e-10;1e-8",1e+12,"15:35","2","tricube","guarded","ok",0.0270721310963573,0.0934101017485428,0.101882462674497,28,2,"tricube",10,7,8,600,3,3,3,1,Inf,NA,-Inf,Inf,NA,-Inf,1e-10,39558968103.8435,"ok",6557.644
"bp7x_0150__SYN_SIMPLEX_FACES_N600__auto__ps_lps__orthogonal_drop_adaptive_tiny","FB13","SYN-SIMPLEX-FACES-N600","synthetic compositional strata",600,5,"ps_lps","auto","orthogonal_drop_adaptive_tiny","orthogonal.polynomial.drop",1e-08,"0;1e-10;1e-8",1e+12,"15:35","2","tricube","guarded","ok",0.030467555456276,0.0923676593800305,0.102335285098589,30,2,"tricube",10,8,8,600,3,3,3,1,Inf,NA,-Inf,Inf,NA,-Inf,0,144818835.5308,"ok",1990.737
"bp7x_0151__SYN_SIMPLEX_FACES_N600__local_auto__lps__monomial_tiny_ridge","FB13","SYN-SIMPLEX-FACES-N600","synthetic compositional strata",600,5,"lps","local.auto","monomial_tiny_ridge","monomial",1e-08,"1e-8",Inf,"15:35","2","tricube",NA,"nonfinite_fit",NA,NA,NA,15,2,"tricube",NA,0,21,600,1,3,3,3,NA,NA,NA,NA,NA,NA,NA,Inf,NA,30.722
"bp7x_0152__SYN_SIMPLEX_FACES_N600__local_auto__lps__weighted_qr_drop_tiny","FB13","SYN-SIMPLEX-FACES-N600","synthetic compositional strata",600,5,"lps","local.auto","weighted_qr_drop_tiny","weighted.qr.drop",1e-08,"0;1e-10;1e-8",1e+12,"15:35","2","tricube",NA,"nonfinite_fit",NA,NA,NA,15,2,"tricube",NA,0,21,600,1,3,3,3,NA,NA,NA,NA,NA,NA,NA,1e+12,NA,33.17
"bp7x_0153__SYN_SIMPLEX_FACES_N600__local_auto__lps__orthogonal_drop_adaptive_tiny","FB13","SYN-SIMPLEX-FACES-N600","synthetic compositional strata",600,5,"lps","local.auto","orthogonal_drop_adaptive_tiny","orthogonal.polynomial.drop",1e-08,"0;1e-10;1e-8",1e+12,"15:35","2","tricube",NA,"ok",0.0705501442718893,0.0667846277978737,0.646337645956206,34,2,"tricube",NA,21,21,600,1,3,4,4,NA,NA,NA,NA,NA,NA,NA,1e+12,NA,33.273
"bp7x_0154__SYN_SIMPLEX_FACES_N600__local_auto__ps_lps__monomial_tiny_ridge","FB13","SYN-SIMPLEX-FACES-N600","synthetic compositional strata",600,5,"ps_lps","local.auto","monomial_tiny_ridge","monomial",1e-08,"1e-8",Inf,"15:35","2","tricube","guarded","ok",0.0226008649159552,0.0960533542883839,0.102075486951465,27,2,"tricube",30,7,8,600,1,3,5,5,Inf,NA,-Inf,Inf,NA,-Inf,1e-08,NA,"unguarded",251.924
"bp7x_0155__SYN_SIMPLEX_FACES_N600__local_auto__ps_lps__weighted_qr_drop_tiny","FB13","SYN-SIMPLEX-FACES-N600","synthetic compositional strata",600,5,"ps_lps","local.auto","weighted_qr_drop_tiny","weighted.qr.drop",1e-08,"0;1e-10;1e-8",1e+12,"15:35","2","tricube","guarded","ok",0.0245224193517606,0.0949036994031573,0.10200727193453,35,2,"tricube",10,7,8,600,1,3,4,4,Inf,NA,-Inf,Inf,NA,-Inf,1e-10,29712287709.8787,"ok",5839.107
"bp7x_0156__SYN_SIMPLEX_FACES_N600__local_auto__ps_lps__orthogonal_drop_adaptive_tiny","FB13","SYN-SIMPLEX-FACES-N600","synthetic compositional strata",600,5,"ps_lps","local.auto","orthogonal_drop_adaptive_tiny","orthogonal.polynomial.drop",1e-08,"0;1e-10;1e-8",1e+12,"15:35","2","tricube","guarded","ok",0.0245850341050974,0.0946790513023323,0.102039761486809,27,2,"tricube",30,8,8,600,1,3,5,5,Inf,NA,-Inf,Inf,NA,-Inf,0,150321206.853694,"ok",1706.579
"bp7x_0157__SYN_RANK_BLOCKS_N600_P100__auto__lps__monomial_tiny_ridge","FB14","SYN-RANK-BLOCKS-N600-P100","synthetic high-dimensional rank strata",600,100,"lps","auto","monomial_tiny_ridge","monomial",1e-08,"1e-8",Inf,"15:35","2","tricube",NA,"ok",0.100316867828761,0.000101522447767849,9.52758658055491,34,2,"tricube",NA,21,21,1,6,6,6,1,NA,NA,NA,NA,NA,NA,NA,Inf,NA,132.082
"bp7x_0158__SYN_RANK_BLOCKS_N600_P100__auto__lps__weighted_qr_drop_tiny","FB14","SYN-RANK-BLOCKS-N600-P100","synthetic high-dimensional rank strata",600,100,"lps","auto","weighted_qr_drop_tiny","weighted.qr.drop",1e-08,"0;1e-10;1e-8",1e+12,"15:35","2","tricube",NA,"ok",0.100316965424953,0.000101176984447518,13.2214184957588,34,2,"tricube",NA,21,21,1,6,6,6,1,NA,NA,NA,NA,NA,NA,NA,1e+12,NA,51.554
"bp7x_0159__SYN_RANK_BLOCKS_N600_P100__auto__lps__orthogonal_drop_adaptive_tiny","FB14","SYN-RANK-BLOCKS-N600-P100","synthetic high-dimensional rank strata",600,100,"lps","auto","orthogonal_drop_adaptive_tiny","orthogonal.polynomial.drop",1e-08,"0;1e-10;1e-8",1e+12,"15:35","2","tricube",NA,"ok",0.100316965422913,0.000101176984447345,13.4000777080824,34,2,"tricube",NA,21,21,1,6,6,6,1,NA,NA,NA,NA,NA,NA,NA,1e+12,NA,52.41
"bp7x_0160__SYN_RANK_BLOCKS_N600_P100__auto__ps_lps__monomial_tiny_ridge","FB14","SYN-RANK-BLOCKS-N600-P100","synthetic high-dimensional rank strata",600,100,"ps_lps","auto","monomial_tiny_ridge","monomial",1e-08,"1e-8",Inf,"15:35","2","tricube","guarded","ok",0.044208026373249,0.086314350704311,0.117205858273123,35,2,"tricube",90,7,8,600,6,6,6,1,Inf,NA,-Inf,Inf,NA,-Inf,1e-08,NA,"unguarded",4098.577
"bp7x_0163__SYN_RANK_BLOCKS_N600_P100__local_auto__lps__monomial_tiny_ridge","FB14","SYN-RANK-BLOCKS-N600-P100","synthetic high-dimensional rank strata",600,100,"lps","local.auto","monomial_tiny_ridge","monomial",1e-08,"1e-8",Inf,"15:35","2","tricube",NA,"ok",0.0997678379286757,0.00465430815533683,8.8522080042253,34,2,"tricube",NA,21,21,600,1,6,6,6,NA,NA,NA,NA,NA,NA,NA,Inf,NA,79.623
"bp7x_0164__SYN_RANK_BLOCKS_N600_P100__local_auto__lps__weighted_qr_drop_tiny","FB14","SYN-RANK-BLOCKS-N600-P100","synthetic high-dimensional rank strata",600,100,"lps","local.auto","weighted_qr_drop_tiny","weighted.qr.drop",1e-08,"0;1e-10;1e-8",1e+12,"15:35","2","tricube",NA,"ok",0.0997345670402154,0.00472145463750822,10.7157402246651,35,2,"tricube",NA,21,21,600,1,6,6,6,NA,NA,NA,NA,NA,NA,NA,1e+12,NA,78.239
"bp7x_0165__SYN_RANK_BLOCKS_N600_P100__local_auto__lps__orthogonal_drop_adaptive_tiny","FB14","SYN-RANK-BLOCKS-N600-P100","synthetic high-dimensional rank strata",600,100,"lps","local.auto","orthogonal_drop_adaptive_tiny","orthogonal.polynomial.drop",1e-08,"0;1e-10;1e-8",1e+12,"15:35","2","tricube",NA,"ok",0.0997345670289918,0.00472145463750824,10.715740165225,35,2,"tricube",NA,21,21,600,1,6,6,6,NA,NA,NA,NA,NA,NA,NA,1e+12,NA,82.069
"bp7x_0166__SYN_RANK_BLOCKS_N600_P100__local_auto__ps_lps__monomial_tiny_ridge","FB14","SYN-RANK-BLOCKS-N600-P100","synthetic high-dimensional rank strata",600,100,"ps_lps","local.auto","monomial_tiny_ridge","monomial",1e-08,"1e-8",Inf,"15:35","2","tricube","guarded","ok",0.0443030073689576,0.0904813328401755,0.112873092719811,25,2,"tricube",90,7,8,600,1,5,5,5,Inf,NA,-Inf,Inf,NA,-Inf,1e-08,NA,"unguarded",3324.241
